name,isSafe,isPE,seemsPacked,amountOfSuspiciousSections,amountOfZeroEntropy,lowestEntropy,highestEntropy,Machine,NumberOfSections,TimeDateStamp,PointerToSymbolTable,NumberOfSymbols,SizeOfOptionalHeader,Characteristics
0,0,1,1,0,0,6.119539080360304,7.766264363644937,332,4,1344502417,0,0,224,271
1016,1,1,0,1,1,0.1991075177871819,6.5271366570846,332,8,2075999889,0,0,224,33166
1,0,1,1,0,0,2.136244551538663,7.869709558361947,332,4,1331321630,0,0,224,271
1024,1,1,0,4,1,0.19743807838821048,5.930586811687317,34404,11,0,26624,92,240,39
10,0,1,1,0,0,5.961096780276274,7.92222907528523,332,4,1343676558,0,0,224,271
104,1,1,0,4,1,0.19743807838821048,5.922266154665931,34404,11,33798176,38912,161,240,39
100,0,1,1,0,0,6.063141726099688,7.9149572522386045,332,4,1345574579,0,0,224,271
1040,1,1,1,0,0,4.158856385149271,7.641480178882651,332,4,1267348397,0,0,224,258
1000,0,1,1,0,0,4.983012926732353,7.98509626235543,332,4,1342594396,0,0,224,271
1043,1,1,0,0,0,0.08153941234324169,5.755789509925003,332,3,1343348450,0,0,224,258
1001,0,1,0,1,0,5.938592021734701,6.848694937798637,332,5,1307308631,0,0,224,258
1049,1,1,0,3,1,0.19743807838821048,6.029400520652862,34404,9,0,0,0,240,559
1002,0,1,1,0,0,4.210414460260621,7.839232091812524,332,4,1335515320,0,0,224,271
1074,1,1,0,0,0,3.489735185567714,6.428122485520713,332,5,1343345235,0,0,224,290
1003,0,1,1,6,6,4.239066098565719,7.516326869300019,332,10,1333279220,0,0,224,270
1079,1,1,0,0,0,1.0271276834268894,5.76405556706473,34404,5,1328933650,0,0,240,34
1004,0,1,0,5,0,0.16032872589902852,7.08081011455333,332,9,1335025454,0,0,224,270
1088,1,1,0,0,0,3.216555265792657,6.48373050016148,34404,5,1485515224,0,0,240,35
1005,0,1,0,2,2,3.4925743000817118,5.9497363803617205,332,6,1336076455,0,0,224,270
1104,1,1,0,3,1,0.1991075177871819,6.2882659935858864,34404,9,145868,0,0,240,559
1006,0,1,1,0,0,0.6417950218118956,7.994115126464375,332,4,1331754463,0,0,224,271
1115,1,1,0,0,0,4.421092157646523,6.2541562697852475,332,5,1439586038,0,0,224,258
1007,0,1,1,1,1,1.9411925072141014,7.729682851762602,332,5,1332591605,0,0,224,270
1116,1,1,0,4,1,0.19743807838821048,6.05856152649786,34404,11,8181792,36352,154,240,39
1008,0,1,1,4,0,0.020393135236084953,7.992092195912804,332,8,1337086863,0,0,224,258
1129,1,1,0,2,2,0.2108262677871819,6.715514659326925,332,9,1432138456,0,0,224,33166
1009,0,1,1,0,0,4.108738856680199,7.88062841341429,332,4,1331931721,0,0,224,271
1144,1,1,0,0,0,1.7707360215706438,6.200611336492241,34404,5,1328933607,0,0,240,34
101,0,1,1,0,0,3.770000384660344,7.768100352216089,332,4,1332675903,0,0,224,271
1185,1,1,0,2,1,4.174726192858374,6.22209893446948,332,6,1343342327,0,0,224,291
1010,0,1,1,0,0,0.7102209205690277,7.905044811639377,332,4,1343849227,0,0,224,271
1198,1,1,0,1,0,0.020393135236084953,6.6906726140069175,332,6,1494283392,0,0,224,290
1011,0,1,1,5,5,4.242809589113418,7.635019867904836,332,9,1333096841,0,0,224,270
1203,1,1,0,0,0,2.8327156702266154,5.570581150778284,332,5,1343345674,0,0,224,290
1012,0,1,1,3,0,1.4352454442333689,7.97987722497825,332,4,1331331528,0,0,224,33166
1215,1,1,0,4,1,0.19743807838821048,5.967905875732546,34404,11,17635360,42496,181,240,39
1013,0,1,0,0,0,2.0311300390555593,7.1221420844028405,332,4,1335847362,0,0,224,270
1219,1,1,0,0,0,0.08153941234324169,5.579406908556555,332,3,1343349327,0,0,224,258
1014,0,1,1,0,0,4.005955575531081,7.731520444094418,332,4,1344755412,0,0,224,271
1221,1,1,0,0,0,1.326451115586412,6.183300387982497,34404,6,1436498103,0,0,240,34
1015,0,1,1,0,0,3.816399394457816,7.769359088218244,332,4,1332535995,0,0,224,271
1229,1,1,0,4,1,0.19743807838821048,5.915156076712769,34404,11,0,32768,136,240,39
1017,0,1,1,0,1,4.086571917038139,7.852316766283852,332,4,1326871294,0,0,224,271
1245,1,1,0,0,0,2.7328856968580832,6.565954045831292,332,5,1456227446,0,0,224,258
1018,0,1,0,0,0,1.2803168863704828,6.589576519494972,332,5,1419757278,0,0,224,258
1247,1,1,0,4,1,0.17014565200323517,5.975865744732137,34404,11,0,45568,185,240,39
1019,0,1,1,1,0,0.26654043019931534,7.987129623332124,332,6,1213803377,0,0,224,258
1249,1,1,0,3,1,0.2044881574398449,5.576852040832547,34404,9,292924,0,0,240,559
102,0,1,1,5,0,0.41684622993819864,7.971085753522799,332,9,1297596187,0,0,224,258
1278,1,1,0,0,0,3.636176794148281,5.937305272837303,332,5,1343345674,0,0,224,290
1020,0,1,1,0,0,2.037838402088327,7.723998517676202,332,4,1335887425,0,0,224,270
1280,1,1,0,0,0,0.08153941234324169,4.7720483258244775,332,3,1502728853,0,0,224,258
1021,0,1,0,0,0,0.42013066021895284,7.07822276103097,332,4,1319571264,0,0,224,271
1290,1,1,0,1,0,1.6854226110768542,6.384960498141887,34404,7,1499373651,0,0,240,34
1022,0,1,1,0,0,4.086669353921806,7.8783612538534555,332,4,1332063510,0,0,224,271
1299,1,1,0,0,0,0.9124984239799321,6.15560848445759,34404,6,1475208408,0,0,240,34
1023,0,1,1,1,1,3.941824379038024,7.823350089735056,332,5,1335808610,0,0,224,271
1306,1,1,0,4,1,0.19743807838821048,5.923264653269201,34404,11,36268064,35328,162,240,39
1025,0,1,1,0,0,3.8843141505467034,7.736993399135079,332,4,1344608860,0,0,224,271
1331,1,1,0,0,0,0.08153941234324169,5.323764096606868,332,3,1412242031,0,0,224,258
1026,0,1,1,5,0,0.43710972513537405,7.88952929544563,332,9,1295047889,0,0,224,258
1352,1,1,0,0,0,0.013126943721219527,4.941983583452172,332,3,1430976848,0,0,224,270
1027,0,1,1,0,0,0.7064531830020135,7.904387856574025,332,4,1343935512,0,0,224,271
1362,1,1,0,0,0,0.37479724348767507,6.148345497772606,34404,6,1436498704,0,0,240,34
1028,0,1,1,1,0,2.6586264643984645,7.771146592286367,332,4,1330803002,0,0,224,258
1391,1,1,0,0,0,3.2314735720873746,6.957584133976991,34404,5,1484853358,0,0,240,1059
1029,0,1,1,1,1,3.9837350453792273,7.8232947005754525,332,5,1335725530,0,0,224,271
1396,1,1,0,1,2,4.142605811880923,6.309384811924608,332,5,45732,0,0,224,783
103,0,1,1,0,0,4.258259086178153,7.871818447771083,332,4,1335342692,0,0,224,271
1402,1,1,0,1,0,1.4311553379234763,6.612654445206683,332,6,1492824904,0,0,224,258
1030,0,1,0,0,0,0.40554835374125364,6.662870984666856,332,4,1319571264,0,0,224,271
1405,1,1,0,3,1,0.2005819074398449,6.2862350807320215,34404,9,0,0,0,240,559
1031,0,1,1,2,0,0.16032872589902852,7.567120056149098,332,6,1334368215,0,0,224,270
1414,1,1,0,0,0,0.30140680731160896,6.094760092066886,34404,6,1436498595,0,0,240,34
1032,0,1,1,0,0,4.082515576394125,7.7736256070550125,332,4,1332360683,0,0,224,271
1418,1,1,0,0,0,3.181345803687275,6.617346930872762,332,5,1503984615,0,0,224,290
1033,0,1,0,0,0,4.372180935038344,6.979336947554409,332,4,1334326819,0,0,224,270
1429,1,1,0,4,1,0.17014565200323517,5.815431199883335,34404,11,3484,46080,223,240,39
1034,0,1,0,0,0,1.5771066802569238,7.130742035029875,332,4,1335363625,0,0,224,270
1445,1,1,0,1,2,3.7194269026998916,6.288502891109911,332,5,54004,0,0,224,783
1035,0,1,1,0,0,4.539365694133828,7.972865453585208,332,4,1341586878,0,0,224,258
1446,1,1,0,1,0,0.16299007530476972,5.8278160856524766,332,6,1436498745,0,0,224,258
1036,0,1,0,9,9,0.7084378349416649,6.542697177562643,332,12,1339892616,0,0,224,270
1447,1,1,0,0,0,2.9213740959510073,6.987600273959363,34404,5,1484857059,0,0,240,35
1037,0,1,1,0,1,4.073131653389981,7.8823116549644965,332,4,0,0,0,224,271
1462,1,1,0,0,0,3.114451690092134,6.651557665689623,332,5,1394593366,0,0,224,290
1038,0,1,0,0,1,1.5208856426989248,6.6440440229725315,332,5,1333756130,0,0,224,8450
1463,1,1,0,1,2,4.135042108315245,6.125461228267647,332,5,33440,0,0,224,783
1039,0,1,1,0,0,3.2671024512589093,7.894381479354654,332,4,1300517907,0,0,224,258
1467,1,1,0,4,1,0.2108262677871819,5.9543333397037586,34404,11,25061408,71168,267,240,39
1041,0,1,1,0,0,1.5816454359651062,7.81612433408225,332,4,1334172810,0,0,224,271
147,1,1,0,0,0,0.1833387916558982,5.43544638321732,332,5,1436499158,0,0,224,258
1042,0,1,1,0,0,3.4553832969056413,7.9218964925805215,332,4,1343160515,0,0,224,271
1470,1,1,0,0,0,2.849753835534613,6.987939751113258,34404,5,1484853350,0,0,240,35
1044,0,1,0,0,1,1.782465055457519,6.621765464638633,332,5,1325126608,0,0,224,8450
1476,1,1,0,4,1,0.17014565200323517,6.0610493413759,34404,11,65536,44544,198,240,39
1045,0,1,0,4,0,0.16032872589902852,7.078424304871049,332,8,1334899259,0,0,224,270
1478,1,1,0,4,1,0.19743807838821048,5.889542710271865,34404,11,7,31744,143,240,39
1046,0,1,0,0,1,1.5192744608933864,6.643716243363036,332,5,1333985584,0,0,224,8450
1492,1,1,0,0,0,3.6699180217725145,5.166512648243993,512,2,1238347321,0,0,240,302
1047,0,1,0,4,0,0.16032872589902852,7.077602754744373,332,8,1334820250,0,0,224,270
1496,1,1,0,3,1,0.2005819074398449,7.295959774595806,332,9,0,116736,0,224,271
1048,0,1,1,0,0,4.531028169936355,7.697241534480787,332,4,1345809188,0,0,224,271
1499,1,1,0,1,1,0.20153937813451883,7.25197997152305,332,8,2170043654,0,0,224,33166
105,0,1,1,0,0,6.6136989996458535,7.565074674580706,332,4,1333306672,0,0,224,271
1527,1,1,0,0,0,3.129867376672118,6.068556120812678,34404,6,1484588937,0,0,240,34
1050,0,1,1,1,0,0.2677012914058982,7.9875981728237235,332,6,1213886148,0,0,224,258
1550,1,0,0,0,0,0.0,0.0,0,0,0,0,0,0,0
1051,0,1,1,0,0,3.8067363487314534,7.765791820066371,332,4,1332576541,0,0,224,271
1564,1,1,0,0,0,2.9765818199559635,6.593242846527485,332,5,1439586059,0,0,224,258
1052,0,1,1,6,0,0.37387747993819864,7.891343749671477,332,10,1295044304,0,0,224,258
1569,1,1,1,0,0,2.11336016719608,7.772729380209795,332,5,1354555317,0,0,224,258
1053,0,1,0,0,0,2.607859438814721,6.6440440229725315,332,5,1333756130,0,0,224,8450
1570,1,1,0,0,0,0.1833387916558982,7.2756368969388765,332,5,1436499020,0,0,224,258
1054,0,1,1,0,0,0.08952421866257136,7.619027799135151,332,4,1305462840,0,0,224,271
1581,1,1,0,0,0,2.448429755571423,6.809354576147138,332,4,1233230229,0,0,224,259
1055,0,1,0,5,5,0.12943919267108936,6.044981641402787,332,8,1342209681,0,0,224,270
1585,1,1,0,0,0,3.866429529795002,6.585894885872056,332,5,1484781070,0,0,224,258
1056,0,1,1,0,0,4.643355008046491,7.8109292132196195,332,4,1341495409,0,0,224,271
160,1,1,0,4,1,0.19743807838821048,6.02926326276519,34404,11,0,33792,149,240,39
1057,0,1,1,0,0,0.06784557522715084,7.943865714452016,332,4,1300731694,0,0,224,271
1633,1,1,0,0,0,2.0310409654054355,6.307089280958696,34404,5,1197057986,0,0,240,35
1058,0,1,0,0,0,0.40554835374125364,6.675036567184178,332,4,1319571264,0,0,224,271
1636,1,1,0,4,1,0.2069200177871819,6.013528259574253,34404,11,14477344,51200,218,240,39
1059,0,1,1,0,0,0.020393135236084953,7.862158644387071,332,4,1304906909,0,0,224,258
1651,1,1,0,3,1,0.19743807838821048,5.817691001991689,34404,9,38540,0,0,240,559
106,0,1,0,0,0,1.5771066802569238,7.130753413234036,332,4,1335394884,0,0,224,270
1672,1,1,0,0,0,0.10191042566270775,6.469313725087309,332,3,1328929736,0,0,224,258
1060,0,1,0,3,0,0.16032872589902852,6.5779245805491335,332,7,1334706609,0,0,224,270
1677,1,1,0,3,1,0.186582516434666,5.978113666863489,34404,9,56924,0,0,240,559
1061,0,1,0,5,5,0.12943919267108936,6.045169549649673,332,8,1342280450,0,0,224,270
1683,1,1,0,4,1,0.19743807838821048,6.047004111275513,34404,11,0,29184,109,240,39
1062,0,1,1,2,0,0.37387747993819864,7.943918511637866,332,6,1303630922,0,0,224,258
1688,1,1,0,4,1,0.19743807838821048,5.973365896545032,34404,11,0,28160,96,240,39
1063,0,1,1,0,0,3.8910064187854547,7.862567317669366,332,4,1334948483,0,0,224,271
1690,1,1,0,0,0,0.46087348486384727,5.994346373499744,34404,6,1436498600,0,0,240,34
1064,0,1,0,9,9,0.7084378349416649,6.5427009833667675,332,12,1339887652,0,0,224,270
17,1,1,0,1,2,4.4978813316799355,6.363571202977832,332,5,591382,0,0,224,783
1065,0,1,1,1,0,0.18707050309760553,7.98888222383705,332,6,1214764288,0,0,224,258
1706,1,1,0,3,1,0.20544562813451883,6.29595337819956,34404,9,334760,0,0,240,559
1066,0,1,0,0,0,0.42013066021895284,7.096621462545317,332,4,1319571264,0,0,224,271
1710,1,1,0,0,0,0.10191042566270775,6.557932381501366,332,3,1328929669,0,0,224,258
1067,0,1,1,0,0,4.009367093411023,7.731223324549471,332,4,1344755412,0,0,224,271
1716,1,1,0,0,0,0.10191042566270775,6.602644388575955,332,3,1328929463,0,0,224,258
1068,0,1,0,0,0,0.4023792985675851,6.653374827338081,332,4,1319571264,0,0,224,271
1720,1,1,0,3,1,0.19743807838821048,5.959608938756633,34404,11,2687016992,0,0,240,558
1069,0,1,1,0,0,4.990206625677371,7.976136325269362,332,4,1342438141,0,0,224,271
1721,1,1,0,1,0,3.2259185232332395,6.362892623265739,34404,7,1465897979,0,0,240,34
107,0,1,0,0,1,1.5191475358831792,6.6434410073850465,332,5,1333760698,0,0,224,8450
1723,1,1,0,0,0,2.757083801529151,5.562606875298551,34404,5,1467659488,0,0,240,35
1070,0,1,0,0,0,2.604134379144955,6.6439017700302205,332,5,1333761802,0,0,224,8450
1726,1,1,0,0,0,0.10191042566270775,6.574636491258417,332,3,1328929469,0,0,224,258
1071,0,1,1,0,0,0.08479640098817659,7.9253809076863195,332,4,1329409810,0,0,224,271
1729,1,1,0,0,0,2.1692650625385435,6.442756579443113,34404,6,1399493018,0,0,240,34
1072,0,1,0,2,0,1.309136702784461,6.592369271210659,332,6,1339791514,0,0,224,258
1731,1,1,0,0,0,1.932364535453478,5.355382250462439,34404,2,1217329007,0,0,240,302
1073,0,1,1,0,1,4.137351776603443,7.852730825027428,332,4,1302935608,0,0,224,271
1741,1,1,0,0,0,0.8353001732281846,5.932773712156246,34404,6,1473221468,0,0,240,34
1075,0,1,1,0,0,3.4543427427669946,7.999144423374695,332,5,1344591959,0,0,224,258
1743,1,1,0,4,1,0.19743807838821048,6.005059731496071,34404,11,34183200,35328,155,240,39
1076,0,1,0,5,0,0.16032872589902852,7.0807554614821235,332,9,1335062413,0,0,224,270
1747,1,1,0,4,1,0.19743807838821048,5.829894423082548,34404,11,131072,26112,83,240,39
1077,0,1,0,0,1,1.51910190166833,6.644070165747287,332,5,1333985043,0,0,224,8450
1748,1,1,0,4,1,0.19743807838821048,6.04077545294685,34404,11,16513056,38912,148,240,39
1078,0,1,0,3,3,2.617643850195868,7.282127528267481,332,7,1338188596,0,0,224,270
1749,1,1,0,3,1,0.19743807838821048,5.893367824945274,34404,9,38444,0,0,240,559
108,0,1,1,1,0,0.26605214894931534,7.9875032778020145,332,6,1213802347,0,0,224,258
1753,1,1,0,4,1,0.19743807838821048,5.843675271265149,34404,11,131072,44032,198,240,39
1080,0,1,0,0,1,1.5221318041390208,6.643844233661688,332,5,1333758959,0,0,224,8450
1765,1,1,0,1,2,3.8759731734243115,5.87331186548665,332,5,29338,0,0,224,783
1081,0,1,0,0,1,1.5196077783508755,6.643485959548034,332,5,1333756366,0,0,224,8450
1810,1,1,0,2,0,0.020393135236084953,6.345889662153613,332,7,1504845722,0,0,224,258
1082,0,1,1,0,0,4.988731837497218,7.985033368318716,332,4,1342552538,0,0,224,271
1812,1,1,0,4,1,0.17014565200323517,6.045601888021511,34404,11,33372176,36352,131,240,39
1083,0,1,1,0,0,6.6232519126036085,7.68636021324328,332,4,1333306647,0,0,224,271
1828,1,1,0,3,1,0.19743807838821048,5.876185925771698,34404,9,38628,0,0,240,559
1084,0,1,1,0,0,4.643504050703001,7.81089631151008,332,4,1341495409,0,0,224,271
184,1,1,0,4,1,0.186582516434666,6.009497013043577,34404,11,0,47104,195,240,39
1085,0,1,0,0,1,1.5149351666950597,6.644070165747287,332,5,1333985043,0,0,224,8450
1863,1,1,0,0,0,0.08153941234324169,5.282591581128292,332,3,1504845641,0,0,224,258
1086,0,1,1,1,0,0.25607170000820556,7.9878335790329125,332,6,1309291542,0,0,224,258
1867,1,1,0,3,1,0.186582516434666,6.22211421725501,34404,9,63200,0,0,240,559
1087,0,1,0,2,0,1.309136702784461,6.5863421973557745,332,6,1339791514,0,0,224,258
1873,1,1,0,1,1,1.7360077526852977,6.50461029944071,332,5,1252502613,0,0,224,259
1089,0,1,0,0,0,4.415599964165836,5.8329951346343965,332,4,1311312550,0,0,224,259
1885,1,1,0,0,0,0.1833387916558982,7.2730838867311345,332,5,1436499016,0,0,224,258
109,0,1,1,0,0,2.657406349289959,7.639134056410916,332,4,1333049649,0,0,224,271
1894,1,1,0,0,0,1.0668313706190309,5.989048507581892,34404,6,1436497990,0,0,240,34
1090,0,1,0,0,0,0.40554835374125364,6.637945269202136,332,4,1319571264,0,0,224,271
19,1,1,0,3,1,0.19743807838821048,6.081219388552115,34404,9,1,0,0,240,559
1091,0,1,0,0,0,2.6063360413071415,6.643661752884318,332,5,1333985852,0,0,224,8450
1915,1,1,0,0,0,0.08153941234324169,5.539601001896584,332,3,1445876387,0,0,224,258
1092,0,1,1,0,0,4.210414460260621,7.839296899986305,332,4,1335515320,0,0,224,271
1933,1,1,0,3,1,0.2044881574398449,6.333671618405661,34404,9,552096,0,0,240,559
1093,0,1,0,0,0,2.6075121105390924,6.643268331165142,332,5,1333758488,0,0,224,8450
1939,1,1,0,1,2,4.290335739456838,6.3826816004432265,332,5,123676,0,0,224,783
1094,0,1,1,0,0,2.1346155486042337,7.870623930278068,332,4,1331321630,0,0,224,271
1958,1,1,0,0,0,2.755519786393595,5.493942686853346,332,5,1343345674,0,0,224,290
1095,0,1,1,0,0,3.982417446495472,7.839956931171249,332,4,1335608472,0,0,224,271
1968,1,1,0,0,0,0.30140680731160896,6.076669605485984,34404,6,1436498315,0,0,240,34
1096,0,1,1,0,0,3.17935147904196,7.888285314426132,332,4,1333694854,0,0,224,271
198,1,1,0,3,1,0.2044881574398449,5.559728116870537,34404,9,218268,0,0,240,559
1097,0,1,1,0,0,3.3959228707246303,7.921426054339544,332,4,1343210481,0,0,224,271
1980,1,1,0,4,3,0.2044881574398449,6.5647212410937765,332,8,708992537,0,0,224,33167
1098,0,1,0,0,0,0.020393135236084953,7.050656876677452,332,4,1305597539,0,0,224,258
1987,1,1,0,4,1,0.19743807838821048,5.974076666859588,34404,11,22583328,40448,180,240,39
1099,0,1,0,3,3,2.617643850195868,7.2845516940858275,332,7,1337930395,0,0,224,270
1988,1,1,0,0,0,1.9543524501468919,5.577952685363977,34404,5,1464997109,0,0,240,34
11,0,1,1,0,0,3.927427269109975,7.865622111255108,332,4,1334823586,0,0,224,271
199,1,1,0,0,0,0.4759528604882788,6.142581294104143,34404,6,1436498308,0,0,240,34
110,0,1,1,0,0,3.8072317617062184,7.86378207266671,332,4,1334914772,0,0,224,271
1994,1,1,0,0,0,0.07763316234324169,5.0285750170215495,332,3,1343348682,0,0,224,258
1100,0,1,1,0,0,3.8072317617062184,7.865997823085551,332,4,1334914772,0,0,224,271
1996,1,1,0,0,0,2.1769085623052082,6.059834047690235,34404,6,1436498312,0,0,240,34
1101,0,1,1,2,0,0.37387747993819864,7.88149755653278,332,6,1307674046,0,0,224,258
2006,1,1,0,1,0,0.06591441234324169,5.908358368982335,332,6,1343345215,0,0,224,290
1102,0,1,0,0,0,1.6649936702546246,7.138143808064557,332,4,1335592829,0,0,224,270
2020,1,1,0,0,0,0.9461006681690046,6.584115571972714,332,5,1436499282,0,0,224,258
1103,0,1,1,0,0,0.708537487902019,7.9047495801846495,332,4,1343908395,0,0,224,271
2043,1,1,0,4,1,0.186582516434666,5.860827672294544,34404,11,65536,46080,221,240,39
1105,0,1,1,0,0,2.216736345302847,7.729032089963799,332,4,1332966487,0,0,224,271
205,1,1,0,4,1,0.19743807838821048,5.964535311726144,34404,11,0,30208,120,240,39
1106,0,1,1,0,0,3.9051289408690653,7.7365440346549255,332,4,1344630696,0,0,224,271
2054,1,1,0,0,0,3.6441437627219777,6.413229633614107,332,5,1484797837,0,0,224,258
1107,0,1,1,0,1,4.317267458195682,7.7871489742178595,332,4,0,0,0,224,271
2055,1,1,0,0,0,3.146275003087866,6.647377158537263,332,5,1505963983,0,0,224,258
1108,0,1,1,0,0,3.677603049853417,7.918058796396648,332,3,1385378760,0,0,224,2
2063,1,1,0,0,0,1.3233745089848359,6.388152496393135,34404,6,1436498520,0,0,240,34
1109,0,1,1,0,0,5.963440959653058,7.920819306970058,332,4,1343592957,0,0,224,271
2064,1,1,0,1,0,0.08153941234324169,6.228365751726727,34404,7,1436498317,0,0,240,34
111,0,1,1,0,0,4.364675732562145,7.70367797556701,332,4,1334276710,0,0,224,270
2082,1,1,0,0,0,0.6033077761360252,4.841500049687356,332,5,1438650047,0,0,224,259
1110,0,1,0,0,0,2.6063360413071415,6.643661752884318,332,5,1333985852,0,0,224,8450
2090,1,1,0,2,1,0.15517757530476972,6.115675666455157,34404,8,1477381501,0,0,240,34
1111,0,1,1,2,1,3.3271621523251422,7.919616603713318,332,3,708992537,0,0,224,33166
2108,1,1,0,0,0,2.2694846862024445,6.554144250986634,332,5,1439346129,0,0,224,258
1112,0,1,1,4,0,0.020393135236084953,7.99181254315408,332,8,1337086863,0,0,224,258
2118,1,1,0,1,0,1.6279048867883703,6.343560915585678,34404,7,1499374075,0,0,240,34
1113,0,1,1,0,0,3.9781254319963253,7.812342517962951,332,5,1368115135,0,0,224,290
2119,1,1,0,0,0,0.4947187982579281,6.201360411910907,34404,6,1436498117,0,0,240,34
1114,0,1,0,0,0,2.609819023960272,6.621866723173388,332,5,1325125112,0,0,224,8450
2137,1,1,0,0,0,0.30140680731160896,6.1970986931464145,34404,6,1436498317,0,0,240,34
1117,0,1,1,2,0,0.16032872589902852,7.566841245742494,332,6,1334541014,0,0,224,270
2149,1,1,0,1,1,4.70902740305165,6.54594215728213,332,5,1260053446,0,0,224,271
1118,0,1,1,1,0,0.20166348013904328,7.9889622888723055,332,6,1215890425,0,0,224,258
2150,1,1,0,0,0,0.30140680731160896,6.965589801992489,34404,6,1436498258,0,0,240,34
1119,0,1,1,0,0,3.646835505920968,7.896792319118805,332,4,1334989131,0,0,224,271
2153,1,1,0,1,2,4.38335742489541,5.88584283055314,332,5,45778,0,0,224,783
112,0,1,0,0,1,1.781154434546749,6.621583408901445,332,5,1325128845,0,0,224,8450
2170,1,1,0,0,0,2.58071640488736,6.048414667150631,34404,5,1328935683,0,0,240,34
1120,0,1,1,0,0,0.6417950218118956,7.99433885216769,332,4,1331754463,0,0,224,271
2171,1,1,0,4,1,0.19743807838821048,5.892994898959901,34404,11,131104,36864,151,240,39
1121,0,1,1,0,0,3.2550018893355985,7.946475500584268,332,4,1331893517,0,0,224,271
2183,1,1,0,3,1,0.19743807838821048,5.910669757012289,34404,9,38260,0,0,240,559
1122,0,1,1,0,0,3.770000384660344,7.765371318877032,332,4,1332675903,0,0,224,271
2199,1,1,0,4,1,0.19743807838821048,5.89358890619889,34404,11,0,31232,145,240,39
1123,0,1,0,5,5,0.12943919267108936,6.050003635954468,332,8,1342320027,0,0,224,270
221,1,1,0,4,1,0.2044881574398449,6.0362604935132325,34404,11,20396064,82944,305,240,39
1124,0,1,1,0,0,3.5784614234363934,7.876707580832912,332,4,1299454751,0,0,224,258
2213,1,1,0,0,0,0.10191042566270775,6.136254334071384,332,3,1343350737,0,0,224,258
1125,0,1,0,3,0,0.9727296750744064,6.608868777824585,332,7,1326821167,0,0,224,258
2216,1,1,0,0,0,3.104899957059892,6.17547688352128,332,5,1343345237,0,0,224,290
1126,0,1,1,0,1,3.9730581141264865,7.9181605409750375,332,4,0,0,0,224,271
2217,1,1,0,4,1,0.17014565200323517,6.030827495334531,34404,11,39778320,36864,160,240,39
1127,0,1,1,0,0,6.2038731887726595,7.848324672987828,332,3,1303612651,0,0,224,258
2263,1,1,0,0,0,3.7951396941049658,6.567478488626871,332,4,1267348455,0,0,224,258
1128,0,1,1,0,0,0.7117269336793272,7.903448157688277,332,4,1344193048,0,0,224,271
2264,1,1,0,0,0,0.34975837046517655,5.705473480791107,34404,5,1328933620,0,0,240,34
113,0,1,1,1,0,0.26767691018760964,7.988027131638317,332,6,1207755291,0,0,224,258
2283,1,1,0,3,1,0.2108262677871819,6.23123898282941,34404,9,0,0,0,240,559
1130,0,1,0,5,5,0.416541661794913,6.050152888536053,332,8,1342144805,0,0,224,270
2285,1,1,0,3,1,0.2044881574398449,6.284691478921925,34404,9,154516,0,0,240,559
1131,0,1,0,0,0,0.42013066021895284,7.09459448817126,332,4,1319571264,0,0,224,271
2288,1,1,0,1,1,1.212809163463453,6.676456050336772,332,6,1343351978,0,0,224,290
1132,0,1,0,0,0,4.365012601480641,6.977874823498909,332,4,1334380883,0,0,224,270
2297,1,1,0,1,2,4.295807014165602,6.370263985713073,332,5,119580,0,0,224,783
1133,0,1,1,0,0,1.9830356248394407,7.9544505147145,332,4,1334327096,0,0,224,271
2320,1,1,0,0,0,0.30754410475965943,5.695008779432782,332,5,1343345232,0,0,224,290
1134,0,1,1,0,0,0.711642622175128,7.904877078304299,332,4,1343833647,0,0,224,271
2330,1,1,0,0,0,2.6730631233857456,6.612716669979422,332,5,1503984600,0,0,224,258
1135,0,1,0,2,2,3.4767696612259815,6.2546140287286125,332,6,1336153680,0,0,224,270
2374,1,1,0,2,0,0.020393135236084953,6.646206368633099,332,6,1504860031,0,0,224,258
1136,0,1,1,0,0,5.961707223047701,7.921891209022322,332,4,1343676558,0,0,224,271
2382,1,1,0,1,0,2.640795517075621,5.850713597661951,34404,6,1328933705,0,0,240,34
1137,0,1,0,0,1,1.5188663894004322,6.643716243363036,332,5,1333985584,0,0,224,8450
2387,1,1,0,0,0,1.4452117993945255,6.4421658497601,34404,6,1439585446,0,0,240,34
1138,0,1,1,0,0,6.2163773115844805,7.684076627241681,332,3,1297911846,0,0,224,258
2402,1,1,0,0,0,0.08153941234324169,5.569512282636402,332,3,1341816965,0,0,224,258
1139,0,1,1,0,0,6.061911298078082,7.915349603967547,332,4,1345496641,0,0,224,271
2411,1,1,0,0,0,0.08153941234324169,5.7317782417926795,332,3,1343348683,0,0,224,258
114,0,1,1,0,0,2.006387977875609,7.757642375180296,332,5,1332914444,0,0,224,270
247,1,1,0,4,1,0.19743807838821048,5.943131165796019,34404,11,0,29184,132,240,39
1140,0,1,1,0,0,4.6429119615055505,7.812085957170233,332,4,1341428367,0,0,224,271
2470,1,1,0,4,1,0.19743807838821048,5.966243935413245,34404,11,31541280,39936,142,240,39
1141,0,1,1,0,0,3.9002684118479682,7.736191215309829,332,4,1344630696,0,0,224,271
2478,1,1,0,0,0,0.3085229346600516,6.147118633077434,34404,5,1328933619,0,0,240,34
1142,0,1,0,2,2,3.476640572822251,6.244936988902278,332,6,1336278234,0,0,224,270
2492,1,1,0,4,1,0.1991075177871819,6.148597444998503,34404,11,37181472,62464,201,240,39
1143,0,1,0,0,0,2.6080500521801606,6.643844233661688,332,5,1333758959,0,0,224,8450
2494,1,1,0,4,1,0.19743807838821048,5.877186845554765,34404,11,0,27648,97,240,39
1145,0,1,1,0,0,0.7091889777668869,7.90431572631837,332,4,1343891857,0,0,224,271
2497,1,1,0,3,1,0.17014565200323517,5.975834391819583,34404,11,2687016992,0,0,240,558
1146,0,1,1,0,0,0.0821922343215099,7.944127200610645,332,4,1305462840,0,0,224,271
2498,1,1,0,0,0,1.989566259925866,6.195531406419263,332,4,1328931506,0,0,224,290
1147,0,1,1,0,0,0.06784557522715084,7.943848972262016,332,4,1300731694,0,0,224,271
250,1,1,0,4,1,0.19743807838821048,5.952798031629017,34404,11,0,32768,139,240,39
1148,0,1,1,0,0,4.9742764231833085,7.985232607865297,332,4,1342594396,0,0,224,271
2504,1,1,0,0,0,0.31780982431271465,5.8595479953282785,34404,6,1436498345,0,0,240,34
1149,0,1,1,0,0,0.06784557522715084,7.943903501501518,332,4,1300731694,0,0,224,271
2505,1,1,0,0,0,1.035581370619031,3.3481045197301036,332,2,1504844046,0,0,224,8450
115,0,1,1,0,0,3.967248013389364,7.8254104229961365,332,4,1336033167,0,0,224,271
2508,1,1,0,1,0,0.28655982431271465,6.228025524847853,34404,7,1436498063,0,0,240,34
1150,0,1,1,1,0,0.25674449707982605,7.988884939784989,332,6,1213896687,0,0,224,258
2552,1,1,0,3,1,0.2044881574398449,6.245655389256201,34404,9,0,0,0,240,559
1151,0,1,0,0,0,4.368365200035943,6.864776558995337,332,4,1334054425,0,0,224,270
2556,1,1,0,1,2,4.639281477077287,6.274227951136283,332,5,86782,0,0,224,783
1152,0,1,1,0,0,2.037838402088327,7.723899512006752,332,4,1335891008,0,0,224,270
257,1,1,0,1,0,0.020393135236084953,6.478498030941544,332,5,1504860121,0,0,224,258
1153,0,1,1,4,0,0.020393135236084953,7.990688805398586,332,8,1335945737,0,0,224,258
2584,1,1,0,3,1,0.19743807838821048,5.864272475828998,34404,9,38656,0,0,240,559
1154,0,1,1,0,0,3.927427269109975,7.863462217656347,332,4,1334823586,0,0,224,271
2592,1,1,0,1,0,1.2606901947820393,5.944224482178774,34404,6,1328957806,0,0,240,34
1155,0,1,1,0,1,4.126315568530637,7.8528882127754605,332,4,1302935608,0,0,224,271
2601,1,1,0,1,1,0.2005819074398449,6.514842464556905,332,7,3141545202,0,0,224,33166
1156,0,1,0,0,0,1.5771066802569238,7.132678657053712,332,4,1335375699,0,0,224,270
2611,1,0,0,0,0,0.0,0.0,0,0,0,0,0,0,0
1157,0,1,1,4,4,4.24241247969564,7.670160344796053,332,8,1333055683,0,0,224,270
2625,1,1,0,0,0,0.00984533685142915,6.432151513010954,332,3,1328930439,0,0,224,258
1158,0,1,1,1,0,0.2672130101558982,7.989170460859296,332,6,1213897396,0,0,224,258
2640,1,1,0,0,0,0.08153941234324169,5.747449060257617,332,3,1343348626,0,0,224,258
1159,0,1,1,0,0,4.9716267635109705,7.976909458593704,332,4,1342983738,0,0,224,271
2642,1,1,0,0,0,0.10191042566270775,5.9851033930794815,332,3,1343334454,0,0,224,258
116,0,1,1,0,0,5.9681364935648755,7.914727453473641,332,4,1345468244,0,0,224,271
2643,1,1,0,4,1,0.19743807838821048,5.804540778475884,34404,11,9868368,31744,149,240,39
1160,0,1,1,0,0,3.163304304703028,7.941596346340319,332,4,1334572662,0,0,224,271
2645,1,1,0,0,0,3.1037330723248826,6.029725084031597,34404,6,1343336120,0,0,240,34
1161,0,1,0,0,0,0.020393135236084953,6.830718758477937,332,4,1297997552,0,0,224,258
2647,1,1,0,0,0,0.013126943721219527,4.912222838121738,332,3,1217328826,0,0,224,270
1162,0,1,0,0,0,2.6086014316113997,6.621235081972107,332,5,1327341883,0,0,224,8450
2651,1,1,0,2,1,3.6401124346681106,6.445539641084178,34404,8,1487835661,0,0,240,34
1163,0,1,1,0,0,4.976590990421991,7.975693541482045,332,4,1342295985,0,0,224,271
2680,1,1,0,0,0,0.24905252604825584,6.699096440460904,332,5,1436499257,0,0,224,258
1164,0,1,1,3,2,2.0438345516360648,7.719826117328802,332,7,1332838857,0,0,224,270
2684,1,1,0,3,1,0.2044881574398449,6.2130929385777565,34404,9,0,0,0,240,559
1165,0,1,1,5,0,0.41684622993819864,7.9711261394198685,332,9,1297596187,0,0,224,258
2703,1,1,0,1,2,3.633301700086683,6.249451477539115,332,5,58082,0,0,224,783
1166,0,1,1,0,0,4.210414460260621,7.8438486144374915,332,4,1335515320,0,0,224,271
2704,1,1,0,3,1,0.186582516434666,6.109643625330665,34404,10,0,0,0,240,559
1167,0,1,1,0,0,1.1369952838140192,7.967227227236679,332,4,1331844927,0,0,224,271
2715,1,1,0,0,0,0.013126943721219527,6.133362766903562,332,3,1337352429,0,0,224,258
1168,0,1,0,5,0,0.16032872589902852,7.080747689745708,332,9,1335130825,0,0,224,270
2720,1,1,0,0,0,1.5785652124281468,6.443665732654674,332,4,1009847899,0,0,224,259
1169,0,1,1,0,0,4.010330680337436,7.731928678062408,332,4,1344755412,0,0,224,271
2721,1,1,0,0,0,0.39826507474477,6.545530107050522,332,5,1436498744,0,0,224,258
117,0,1,1,0,0,3.8762075116214882,7.736413818549328,332,4,1344608860,0,0,224,271
2724,1,1,0,3,1,0.19743807838821048,6.059827132597853,34404,9,805392901,0,0,240,559
1170,0,1,1,0,0,4.963303287065571,7.98577981900063,332,4,1342594396,0,0,224,271
2727,1,1,0,0,0,3.408131813176632,6.483404363606882,332,5,1479534894,0,0,224,258
1171,0,1,1,0,0,6.0550383044511955,7.969450248464964,332,4,1345643715,0,0,224,271
2728,1,1,0,1,2,4.033647034903327,6.2503115446456405,332,5,37520,0,0,224,783
1172,0,1,1,0,0,4.210414460260621,7.84765447612576,332,4,1335515320,0,0,224,271
2734,1,1,0,4,1,0.1991075177871819,5.988478473701159,34404,11,25557024,61440,193,240,39
1173,0,1,0,0,0,2.609070143501808,6.64409803675466,332,5,1333758724,0,0,224,8450
2738,1,1,0,0,0,0.10191042566270775,5.715943122535129,332,3,1343348721,0,0,224,258
1174,0,1,1,0,0,0.7097113464052017,7.904638316457586,332,4,1343849227,0,0,224,271
2739,1,1,0,2,2,0.2108262677871819,6.715514659326925,332,9,1432138456,0,0,224,33166
1175,0,1,1,0,0,6.378310275505309,7.823405180036036,332,4,1343473788,0,0,224,271
2742,1,1,0,0,0,2.411257734278467,6.8117595881903314,34404,6,1477377468,0,0,240,34
1176,0,1,0,4,0,0.16032872589902852,7.078422330567901,332,8,1334892050,0,0,224,270
2747,1,1,0,4,1,0.19743807838821048,5.958765285023398,34404,11,0,28672,123,240,39
1177,0,1,1,0,0,0.7092488123832283,7.903708357636733,332,4,1343978785,0,0,224,271
2754,1,1,0,0,0,1.405147964674351,6.241032166859315,34404,6,1394853542,0,0,240,34
1178,0,1,1,0,0,6.36930178598568,7.921247628440423,332,4,1343380244,0,0,224,271
2763,1,1,0,4,1,0.2044881574398449,6.0647380274505265,34404,11,38692896,162816,422,240,39
1179,0,1,1,0,0,3.770000384660344,7.766817969561415,332,4,1332675903,0,0,224,271
2773,1,1,0,1,2,3.71877709609381,6.168835332643476,332,5,33376,0,0,224,783
118,0,1,1,0,0,3.469171587925266,7.830966452537598,332,4,1340783524,0,0,224,271
2774,1,1,0,0,0,1.9694678213156571,6.285031580387285,34404,5,1463818747,0,0,240,35
1180,0,1,1,0,0,4.206686935448474,7.858233953555265,332,4,1335379208,0,0,224,271
2777,1,1,0,1,0,0.22187125520435458,5.966489693329738,34404,7,1436498814,0,0,240,34
1181,0,1,1,0,0,4.224082501265148,7.837807291361449,332,4,1335210826,0,0,224,271
2779,1,1,0,3,1,0.17014565200323517,5.965665091464495,34404,9,0,0,0,240,559
1182,0,1,1,0,0,2.1343033661039,7.870352403218818,332,4,1331321630,0,0,224,271
2791,1,1,0,3,1,0.2044881574398449,5.811415706023947,34404,9,291196,0,0,240,559
1183,0,1,0,5,0,0.16032872589902852,7.080741455614859,332,9,1335108035,0,0,224,270
28,1,1,0,0,0,3.5707740149330185,6.262577161696068,34404,6,1343338715,0,0,240,34
1184,0,1,1,0,0,6.631288730402028,7.8759705095986385,332,4,1333570409,0,0,224,271
2800,1,1,0,0,0,3.6415878066671232,6.316346035710049,34404,5,1469602354,0,0,240,35
1186,0,1,1,4,0,0.020393135236084953,7.982303892454763,332,8,1336941911,0,0,224,258
2821,1,1,0,4,1,0.19743807838821048,5.9891118121915055,34404,11,38791200,42496,169,240,39
1187,0,1,0,0,0,6.603010584051199,7.371026265973635,332,4,1333485320,0,0,224,271
2835,1,1,0,1,1,3.9933327649109693,6.224496535883776,332,6,1495626250,0,0,224,258
1188,0,1,1,0,0,5.859544433261737,7.924537688850854,332,4,1136927116,0,0,224,259
2837,1,1,0,0,0,3.753097574976132,6.251704984343772,34404,5,1484856387,0,0,240,35
1189,0,1,1,0,0,0.020393135236084953,7.86105248674802,332,4,1304494798,0,0,224,258
2841,1,1,0,0,0,0.10191042566270775,5.484152298170118,332,3,1343347157,0,0,224,258
119,0,1,1,0,0,3.6455248594362097,7.896872443584326,332,4,1335031099,0,0,224,271
2851,1,1,0,3,1,0.17014565200323517,6.020934114996827,34404,10,65550,0,0,240,559
1190,0,1,0,0,0,4.415599964165836,5.8329951346343965,332,4,1336507482,0,0,224,259
2876,1,1,0,1,2,4.634461938392349,6.349319356770687,332,5,791462,0,0,224,783
1191,0,1,0,0,0,0.09800417566270775,6.643418276749871,332,3,1401245922,0,0,224,258
29,1,1,0,3,1,0.2069200177871819,6.202473978335611,34404,9,0,0,0,240,559
1192,0,1,0,0,0,4.373239192229603,6.979971360679111,332,4,1334121672,0,0,224,270
2921,1,1,0,1,1,0.6300126133332828,5.894044421213085,332,6,1343345240,0,0,224,290
1193,0,1,1,1,0,0.2669090276124811,7.988061119118189,332,6,1212819073,0,0,224,258
2924,1,1,0,0,0,0.9516329371878819,6.102830950291276,34404,6,1436498049,0,0,240,34
1194,0,1,1,0,1,3.9643248019803883,7.784995446852018,332,4,0,0,0,224,271
2925,1,1,0,0,0,2.0416316831435877,5.9685274738309735,34404,5,1328933625,0,0,240,34
1195,0,1,1,1,0,3.0473513214874757,7.669234137062719,332,5,1332323405,0,0,224,270
2937,1,1,0,0,0,3.966944852240726,6.399958421132478,34404,5,1472773691,0,0,240,35
1196,0,1,1,2,0,3.821256465068245,7.999667746814394,332,3,1351107787,0,0,224,259
2940,1,1,0,3,1,0.19743807838821048,5.9603300641599954,34404,9,38500,0,0,240,559
1197,0,1,1,0,0,6.202076165401581,7.806413288997379,332,4,1332842084,0,0,224,271
2942,1,1,0,1,2,4.095719993394372,6.27791144986894,332,5,90950,0,0,224,783
1199,0,1,0,0,0,2.6077430934769925,6.675386128533215,332,5,1334927883,0,0,224,8450
2952,1,1,0,0,0,0.08153941234324169,5.793677286449459,332,3,1464734746,0,0,224,34
12,0,1,1,0,0,0.9056837402133149,7.965028773900303,332,4,1341585868,0,0,224,271
296,1,1,0,4,1,0.19743807838821048,5.825580158629446,34404,11,1919311719,36352,153,240,39
120,0,1,0,0,0,2.6052381954354966,6.644047542284788,332,5,1333760257,0,0,224,8450
2962,1,1,0,0,0,3.390700663207852,6.028530376023056,34404,6,1394855109,0,0,240,34
1200,0,1,1,0,0,3.9650989591866823,7.731626836310756,332,4,1344755412,0,0,224,271
2966,1,1,0,0,0,2.082176390638578,6.63579887276009,332,5,1439346108,0,0,224,258
1201,0,1,1,0,0,0.08952421866257136,7.61880828284771,332,4,1305462840,0,0,224,271
2969,1,1,0,0,0,0.09800417566270775,5.734887221371778,332,3,1461235706,0,0,224,258
1202,0,1,1,0,0,3.816399394457816,7.763278527520268,332,4,1332535995,0,0,224,271
2976,1,1,0,1,2,3.411592408691477,6.127732459489861,332,5,29248,0,0,224,783
1204,0,1,1,0,0,1.1369952838140192,7.9667511968688745,332,4,1331844927,0,0,224,271
2980,1,1,0,0,0,4.518886056082878,6.275840485859624,332,5,1482289023,0,0,224,258
1205,0,1,1,0,0,4.974435842631383,7.976586928687552,332,4,1342295985,0,0,224,271
2996,1,1,0,3,1,0.1794325416558982,6.311989204494892,34404,9,0,0,0,240,559
1206,0,1,0,5,5,0.416541661794913,6.048835297630616,332,8,1342124599,0,0,224,270
2997,1,1,0,0,0,4.309194441525836,6.180194057963813,34404,6,1484588931,0,0,240,34
1207,0,1,1,0,0,3.8910064187854547,7.855260523847056,332,4,1334948483,0,0,224,271
3002,1,1,0,3,1,0.19743807838821048,6.0335789062616225,34404,9,38360,0,0,240,559
1208,0,1,0,0,0,0.39408806322024814,6.622782522154343,332,4,1319571264,0,0,224,271
3005,1,1,0,0,0,1.8567854192151836,6.3787032249999145,34404,4,1368109337,0,0,240,35
1209,0,1,0,5,0,0.16032872589902852,7.080750661399285,332,9,1335139242,0,0,224,270
3013,1,1,0,0,0,3.123952152528828,6.127194159700685,34404,6,1436498159,0,0,240,34
121,0,1,1,0,1,4.0019450067934805,7.881586933629746,332,4,1302935608,0,0,224,271
3016,1,1,0,0,0,2.1307296815515757,6.583049830604781,332,5,1487835008,0,0,224,258
1210,0,1,0,0,0,4.365141205131968,6.830278142897748,332,4,1334024436,0,0,224,270
3026,1,1,0,0,0,3.3904026311807476,6.323703161699146,332,5,1439586048,0,0,224,258
1211,0,1,1,0,0,3.8323772530187012,7.731179230874771,332,4,1344542973,0,0,224,271
3052,1,1,0,0,0,2.54728733297266,6.058032888142556,34404,6,1437100396,0,0,240,34
1212,0,1,0,0,0,4.662658187736697,6.672806285785932,332,4,1294577166,0,0,224,259
3057,1,1,0,0,0,0.1833387916558982,7.274124436465149,332,5,1436499018,0,0,224,258
1213,0,1,1,0,0,6.63340146205711,7.692212153286887,332,4,1333436105,0,0,224,271
3063,1,1,0,0,0,2.3669591469499696,6.151300898761995,34404,6,1436498001,0,0,240,34
1214,0,1,0,0,0,2.604134379144955,6.6439017700302205,332,5,1333761802,0,0,224,8450
3082,1,1,0,1,2,4.655745456990692,6.255357807434573,332,5,86790,0,0,224,783
1216,0,1,1,0,0,1.660741470390731,7.638049127391624,332,4,1333049654,0,0,224,271
3084,1,1,0,3,1,0.19743807838821048,5.831977103188925,34404,9,38478,0,0,240,559
1217,0,1,1,0,1,4.053747327648645,7.882445246235049,332,4,0,0,0,224,271
3089,1,1,0,0,0,2.6238708727666324,6.137978012373512,332,5,1500533125,0,0,224,258
1218,0,1,1,0,0,3.9179262909822286,7.736525954561388,332,4,1344630696,0,0,224,271
3090,1,1,0,0,0,1.8731187130551363,5.27184654600447,34404,2,1217329007,0,0,240,302
122,0,1,1,0,0,2.9634801871081997,7.965760391207671,332,4,1331800726,0,0,224,271
3104,1,1,0,0,0,3.398740957745201,5.799936323664367,34404,4,1484860116,0,0,240,35
1220,0,1,0,9,9,0.7084378349416649,6.542296899736425,332,12,1339866005,0,0,224,270
3122,1,1,0,1,2,4.1215077123275,6.177594011523657,332,5,45878,0,0,224,783
1222,0,1,1,1,0,2.5925294581447997,7.693707425269242,332,5,1332843620,0,0,224,270
3133,1,1,0,3,1,0.19743807838821048,5.982382907061261,34404,9,38408,0,0,240,559
1223,0,1,1,0,0,6.374244126291662,7.921394177728812,332,4,1343414552,0,0,224,271
3135,1,1,0,1,0,0.6302524537050259,6.125639954723256,34404,7,1473222158,0,0,240,34
1224,0,1,1,0,0,5.889451255171844,7.912363059412688,332,4,1205680232,0,0,224,259
314,1,1,0,4,1,0.19743807838821048,5.8459209142195085,34404,11,0,26624,96,240,39
1225,0,1,1,1,0,2.6588952160471298,7.769353707655819,332,4,1330803002,0,0,224,258
3154,1,1,0,1,0,0.3419210594223054,6.253525294285386,34404,7,1436498324,0,0,240,34
1226,0,1,0,5,5,0.416541661794913,6.050133017285933,332,8,1342182046,0,0,224,270
3160,1,1,0,0,0,3.5208320278923284,6.337138607477428,332,5,1343269099,0,0,224,258
1227,0,1,0,0,0,4.358411492753911,6.9829738499847105,332,4,1334114420,0,0,224,270
317,1,1,0,0,0,3.5723546219455997,6.9715985010719725,34404,5,1484857013,0,0,240,35
1228,0,1,1,0,0,2.2223774685958113,7.869491480062543,332,4,1331376535,0,0,224,271
3173,1,1,1,1,0,1.8643201387124442,7.638195114992439,34404,7,1499373678,0,0,240,34
123,0,1,1,0,0,3.8910064187854547,7.86474862050314,332,4,1334948483,0,0,224,271
3175,1,1,0,3,1,0.19743807838821048,5.8621080781856,34404,10,19,0,0,240,559
1230,0,1,1,0,0,2.573015643686523,7.958601671904153,332,4,1340889236,0,0,224,271
3196,1,1,0,0,0,5.492616187233978,5.492616187233978,332,1,1269487059,0,0,224,8450
1231,0,1,1,1,0,0.06116285224115448,7.965989379700816,332,5,1343901456,0,0,224,258
3198,1,1,0,0,0,0.10191042566270775,4.806528019770687,332,3,1425317262,0,0,224,258
1232,0,1,1,0,0,3.2656238352314677,7.952426245136654,332,4,1331883103,0,0,224,271
32,1,1,0,3,1,0.17014565200323517,6.0372220407975785,34404,9,155,0,0,240,559
1233,0,1,0,0,0,4.32871466011899,6.533205403447543,332,3,1137580163,0,0,224,271
3209,1,1,0,1,2,4.700193720685817,6.395926532890229,332,5,333174,0,0,224,783
1234,0,1,0,3,3,2.222951494890152,7.288309454546042,332,7,1337908833,0,0,224,270
3226,1,1,0,4,1,0.2069200177871819,5.8440877924905665,34404,11,1919287298,36352,141,240,39
1235,0,1,0,0,0,2.610654674670403,6.621583408901445,332,5,1325128845,0,0,224,8450
3227,1,1,0,4,1,0.19743807838821048,5.839370096286347,34404,11,0,27648,110,240,39
1236,0,1,0,0,1,1.5222655457656142,6.643661752884318,332,5,1333985852,0,0,224,8450
3228,1,1,0,0,0,0.08153941234324169,5.288126795161731,332,3,1343349260,0,0,224,258
1237,0,1,1,0,0,3.8762075116214882,7.736413818549328,332,4,1344608860,0,0,224,271
3229,1,1,0,0,0,0.013126943721219527,5.175481077063143,332,3,1238347632,0,0,224,270
1238,0,1,0,0,0,0.020393135236084953,6.828990888819091,332,4,1302385015,0,0,224,258
3232,1,1,0,0,0,0.016408464515625623,5.640889738633839,332,3,1328929635,0,0,224,258
1239,0,1,1,1,0,0.2667247289058982,7.987595777119889,332,6,1213886148,0,0,224,258
3240,1,1,0,0,0,0.30754410475965943,6.168936564751289,332,5,1343345234,0,0,224,290
124,0,1,0,0,1,1.5187432980189568,6.643844233661688,332,5,1333758959,0,0,224,8450
3258,1,1,0,0,0,0.08153941234324169,5.331987796242333,332,3,1343347392,0,0,224,258
1240,0,1,1,0,0,0.08952421866257136,7.618868308894629,332,4,1305462840,0,0,224,271
3263,1,1,0,0,0,0.30754410475965943,5.722569192102147,332,5,1343345232,0,0,224,290
1241,0,1,1,1,0,0.2664207463624811,7.987324697401264,332,6,1208450536,0,0,224,258
3264,1,1,0,1,2,4.588806614951101,6.357967097083166,332,5,136158,0,0,224,783
1242,0,1,1,0,0,2.0018502850638114,7.976642471581014,332,4,1342195216,0,0,224,271
3270,1,1,0,0,0,0.1833387916558982,6.2792751761829075,332,5,1436498731,0,0,224,258
1243,0,1,1,0,0,5.9617680395575094,7.922451087130874,332,4,1343718681,0,0,224,271
3273,1,1,0,0,0,4.236204937122791,6.426084464806356,332,4,1266297895,0,0,224,259
1244,0,1,0,0,0,2.6058640429280744,6.6434410073850465,332,5,1333760698,0,0,224,8450
3286,1,1,0,0,0,0.19977565608732903,6.485207925266507,332,5,1436498701,0,0,224,258
1246,0,1,0,3,0,0.23653878450968063,7.271990443768053,332,7,1302251376,0,0,224,258
3304,1,1,0,0,0,3.8522723209787593,6.981173585318184,34404,5,1484851015,0,0,240,35
1248,0,1,1,0,0,4.510340047798733,7.982101087768959,332,4,1345751731,0,0,224,271
3311,1,1,0,1,2,4.522095355578573,6.110910120449267,332,5,98886,0,0,224,783
125,0,1,0,5,5,0.416541661794913,6.050177316749085,332,8,1342174835,0,0,224,270
3315,1,1,0,0,0,3.4531773313567515,5.967812657738027,332,4,1267348322,0,0,224,258
1250,0,1,1,0,0,4.902190574568306,7.984707269894873,332,4,1342594396,0,0,224,271
3319,1,1,0,1,2,4.656779676422972,6.420163015804172,332,5,222386,0,0,224,783
1251,0,1,1,5,0,0.43710972513537405,7.917285429433895,332,9,1295970970,0,0,224,258
3320,1,1,0,0,0,0.016408464515625623,5.352110338479628,332,3,1328932353,0,0,224,258
1252,0,1,1,0,0,3.996804047802154,7.7317594382157875,332,4,1344755412,0,0,224,271
3336,1,1,0,4,1,0.19743807838821048,6.075563076657611,34404,11,131104,36864,143,240,39
1253,0,1,0,0,0,1.5771066802569238,7.131392976493953,332,4,1335366089,0,0,224,270
3337,1,1,0,0,0,0.7702166033661446,6.191232029528576,332,3,1430975989,0,0,224,259
1254,0,1,1,5,0,0.43710972513537405,7.914190123504037,332,9,1295970970,0,0,224,258
3349,1,1,0,0,0,0.10191042566270775,6.007223111426123,332,3,1461235704,0,0,224,258
1255,0,1,1,0,0,3.9840432707531437,7.731442467695437,332,4,1344714209,0,0,224,271
3366,1,1,0,0,0,1.3025741805135214,7.236399929857824,34404,6,1436498162,0,0,240,34
1256,0,1,0,0,0,2.608004526368183,6.643807595934541,332,5,1333755894,0,0,224,8450
3369,1,1,0,4,1,0.19743807838821048,5.8230735927562245,34404,11,4213520,35840,140,240,39
1257,0,1,1,0,0,0.7089755126534615,7.903311358218581,332,4,1344193048,0,0,224,271
3387,1,1,0,0,0,0.415364464397433,6.1917250237733095,34404,6,1436498146,0,0,240,34
1258,0,1,0,0,0,4.369752212393126,6.977873858047603,332,4,1334378446,0,0,224,270
3396,1,1,0,2,1,0.08153941234324169,6.094906450914467,34404,8,1436498344,0,0,240,34
1259,0,1,1,0,0,6.011032887219437,7.9697359405120665,332,4,1345667762,0,0,224,271
3410,1,1,0,4,1,0.19743807838821048,6.026782823915934,34404,11,0,26624,93,240,39
126,0,1,0,0,0,2.3730233330788804,6.178161090789207,332,4,1386262396,0,0,224,271
3421,1,1,0,0,0,3.2401058337625073,6.319631179123867,34404,6,1501533300,0,0,240,34
1260,0,1,1,1,0,0.2669090276124811,7.987503621445902,332,6,1213802347,0,0,224,258
3429,1,1,0,0,0,4.402388037689453,6.211404147786394,332,4,1267348828,0,0,224,258
1261,0,1,1,1,0,0.21044583677187953,7.988322102259806,332,6,1216617325,0,0,224,258
3437,1,1,0,0,0,6.7207731518858935,6.7207731518858935,332,1,1269487055,0,0,224,8450
1262,0,1,1,2,0,0.37387747993819864,7.880028820880464,332,6,1307674046,0,0,224,258
3438,1,1,0,0,0,3.8120639342411367,6.142040477082869,34404,6,1394855129,0,0,240,34
1263,0,1,0,2,2,3.4761632005234637,6.24488532173764,332,6,1336292674,0,0,224,270
3447,1,1,0,3,1,0.2005819074398449,6.238100747829062,34404,9,80020,0,0,240,559
1264,0,1,1,0,0,3.982417446495472,7.846781066802047,332,4,1335608472,0,0,224,271
3471,1,1,0,4,1,0.17014565200323517,6.114449278228713,34404,11,892207104,44544,215,240,39
1265,0,1,0,0,0,4.36007102090743,6.830287752396117,332,4,1334028064,0,0,224,270
3473,1,1,0,0,0,0.1833387916558982,6.265353981883554,332,5,1436499016,0,0,224,258
1266,0,1,0,1,1,4.246433195949993,7.195412724405209,332,5,1335900359,0,0,224,271
3476,1,1,0,0,0,0.824394626413668,6.158247886922624,34404,6,1436498790,0,0,240,34
1267,0,1,1,0,0,0.7085066178388447,7.90432265936008,332,4,1343891857,0,0,224,271
3477,1,1,0,0,0,2.465273938717878,6.434004968110944,332,5,1442393705,0,0,224,258
1268,0,1,1,0,0,3.80417300806615,7.73178180231147,332,4,1344542973,0,0,224,271
3487,1,1,0,0,1,4.249041359221483,6.486091322129623,332,4,1333707585,0,0,224,270
1269,0,1,1,0,0,4.363653647520966,7.703512882026178,332,4,1334187724,0,0,224,270
3493,1,1,0,0,0,0.08153941234324169,5.635861539932458,332,3,1343349317,0,0,224,258
127,0,1,0,0,0,2.6058640429280744,6.6438920777145025,332,5,1333759436,0,0,224,8450
35,1,1,0,4,1,0.19743807838821048,5.9544217279362766,34404,11,23578656,40960,152,240,39
1270,0,1,1,0,0,4.365003733337219,7.842965676923102,332,4,1335109490,0,0,224,271
3503,1,1,0,3,1,0.2044881574398449,6.09486343081296,34404,9,0,0,0,240,559
1271,0,1,1,0,0,3.924843342262485,7.736288309626576,332,4,1344630696,0,0,224,271
3513,1,1,0,0,0,2.17989266819512,5.756575850565174,34404,7,1502993395,0,0,240,34
1272,0,1,1,1,0,0.2677012914058982,7.987597201761277,332,6,1213886148,0,0,224,258
3529,1,1,0,0,0,0.30140680731160896,7.085830026611472,34404,6,1436497980,0,0,240,34
1273,0,1,0,3,3,2.617643850195868,7.283027292062095,332,7,1337953164,0,0,224,270
3531,1,1,0,4,1,0.19743807838821048,6.163214919777841,34404,11,36251680,41984,145,240,39
1274,0,1,1,0,0,0.06784557522715084,7.9438838526642,332,4,1300731694,0,0,224,271
3534,1,1,0,0,0,4.129938804907755,6.617613873075503,332,5,0,0,0,224,782
1275,0,1,1,1,0,0.26874246877564684,7.98947388882809,332,6,1208448895,0,0,224,258
3542,1,1,0,0,0,0.3381134103346658,6.239310251455132,34404,6,1436498406,0,0,240,34
1276,0,1,1,0,0,6.194156363184179,7.8485482519637175,332,3,1303612651,0,0,224,258
3546,1,1,0,0,0,3.1623966766536236,6.480708533270246,34404,6,1487839037,0,0,240,34
1277,0,1,1,0,0,3.4802075378080133,7.893167841476834,332,4,1307786444,0,0,224,258
3553,1,1,0,0,0,0.10191042566270775,6.1244959539209285,332,3,1461235709,0,0,224,258
1279,0,1,1,2,0,0.37387747993819864,7.877249829186374,332,6,1307674046,0,0,224,258
3570,1,1,0,3,1,0.2044881574398449,5.607381515219666,34404,9,160116,0,0,240,559
128,0,1,1,0,0,2.9025626279524377,7.893061717187066,332,4,1300517907,0,0,224,258
3575,1,1,0,0,0,0.08153941234324169,5.841878870660982,332,3,1328930422,0,0,224,258
1281,0,1,1,0,0,6.631288730402028,7.8759705095986385,332,4,1333570409,0,0,224,271
3577,1,1,0,0,0,2.3297544577605818,6.46035888032041,332,4,1275478496,0,0,224,258
1282,0,1,0,0,0,0.4023792985675851,6.630744894108698,332,4,1319571264,0,0,224,271
3586,1,1,0,0,0,0.06116285224115448,5.6737565718042715,332,3,1343348449,0,0,224,258
1283,0,1,0,0,1,1.521995166817344,6.664643750733573,332,5,1334269021,0,0,224,8450
3591,1,1,0,0,0,6.074066678338589,6.074066678338589,332,1,1269487063,0,0,224,8450
1284,0,1,0,0,0,0.013126943721219527,6.667172839607621,332,5,1332481582,0,0,224,8450
3593,1,1,0,3,1,0.19743807838821048,5.983354859318596,34404,9,38408,0,0,240,559
1285,0,1,0,0,0,2.608896748702208,6.644599020154153,332,5,1333756838,0,0,224,8450
3595,1,1,0,0,0,1.151355869298066,6.158394843758323,34404,6,1464842750,0,0,240,34
1286,0,1,0,3,0,0.16032872589902852,6.577659424403099,332,7,1334683520,0,0,224,270
3596,1,1,0,3,1,0.19743807838821048,5.903270184915608,34404,9,38252,0,0,240,559
1287,0,1,0,4,0,0.16032872589902852,7.079927886087206,332,8,1334863223,0,0,224,270
3598,1,1,0,0,0,4.09973890710946,6.220536367401589,34404,6,1484591818,0,0,240,34
1288,0,1,0,4,0,0.16032872589902852,7.078357321518329,332,8,1334839701,0,0,224,270
3600,1,1,0,3,1,0.19743807838821048,6.134098247846011,34404,10,19,0,0,240,559
1289,0,1,0,0,0,0.40554835374125364,6.643884468333696,332,4,1319571264,0,0,224,271
3601,1,1,0,4,1,0.19743807838821048,5.928175173144835,34404,11,33724448,40448,171,240,39
129,0,1,1,1,0,0.18645617407566262,7.98885073568149,332,6,1214763216,0,0,224,258
3603,1,1,0,3,1,0.1991075177871819,6.261442173204102,34404,9,0,0,0,240,559
1291,0,1,0,0,0,5.479000193253491,7.852645048598224,332,3,1294979457,0,0,224,258
3626,1,1,0,4,1,0.17014565200323517,6.884965309819723,34404,11,0,47616,136,240,39
1292,0,1,1,0,0,2.076710866356221,7.528144772235681,332,4,1332527990,0,0,224,270
3636,1,1,0,0,0,3.4591108583462122,5.939623587997103,34404,6,1484591709,0,0,240,34
1293,0,1,1,0,0,4.108738856680199,7.883071040675363,332,4,1331931721,0,0,224,271
3640,1,1,0,0,0,3.5199608631812707,6.4458015607856565,34404,6,1399494712,0,0,240,34
1294,0,1,1,0,0,2.5383410236796644,7.914210951051821,332,4,1334507599,0,0,224,271
3642,1,1,0,2,2,0.2108262677871819,6.4757653002781765,332,8,1349772503,0,0,224,33167
1295,0,1,1,1,0,0.26790940195119883,7.988637750773097,332,6,1209742832,0,0,224,258
3644,1,1,0,1,2,4.231436302705866,6.237709711938004,332,5,45712,0,0,224,783
1296,0,1,0,2,2,0.11890197597050207,7.071276842885915,332,5,1342743667,0,0,224,270
365,1,1,0,1,2,5.030176449826781,6.402847454767888,332,5,399024,0,0,224,783
1297,0,1,1,0,0,3.333840502699929,7.802535818168345,332,4,1425326300,0,0,224,259
3671,1,1,0,0,0,3.674795204100089,5.612213970022011,34404,2,1328931294,0,0,240,34
1298,0,1,0,0,0,2.6064440965543763,6.621765464638633,332,5,1325126608,0,0,224,8450
3677,1,1,0,4,1,0.2005819074398449,5.939756910055672,34404,11,34332176,41984,193,240,39
13,0,1,1,0,0,4.2516646054999985,7.845500458312401,332,4,1335469004,0,0,224,271
3701,1,1,0,0,0,0.08153941234324169,5.197672909811559,332,3,1341807564,0,0,224,258
130,0,1,0,5,0,0.16032872589902852,7.080756713103067,332,9,1335066016,0,0,224,270
3729,1,1,0,2,0,0.020393135236084953,6.414801443724592,332,7,1482201996,0,0,224,258
1300,0,1,1,0,0,3.8067363487314534,7.770264979684744,332,4,1332576541,0,0,224,271
3733,1,1,0,4,1,0.2044881574398449,6.018026184154629,34404,11,0,35328,120,240,39
1301,0,1,1,0,0,4.365003733337219,7.868196739730666,332,4,1335109490,0,0,224,271
3748,1,1,0,2,1,1.009162700437111,6.365366020424821,332,7,1436499000,0,0,224,258
1302,0,1,1,0,0,2.944375755687512,7.966631049997706,332,4,1331800726,0,0,224,271
375,1,1,0,1,0,0.639358636790959,6.51489981286038,332,6,1501530329,0,0,224,258
1303,0,1,1,0,0,3.982417446495472,7.847174099354776,332,4,1335608472,0,0,224,271
3752,1,1,0,0,0,4.782516648887846,7.065768778724083,332,5,1439586042,0,0,224,258
1304,0,1,0,5,5,0.12943919267108936,6.045153824992585,332,8,1342274564,0,0,224,270
3753,1,1,0,0,0,0.1833387916558982,7.3020432651692815,332,5,1436499402,0,0,224,258
1305,0,1,0,0,1,1.5224354562588451,6.643485959548034,332,5,1333756366,0,0,224,8450
377,1,1,0,1,1,3.4025669358289683,6.627583636049605,332,4,1382562356,0,0,224,271
1307,0,1,0,5,0,0.16032872589902852,7.0844672617176245,332,9,1335147864,0,0,224,270
378,1,1,0,3,1,0.1755262916558982,5.621225469197749,34404,9,185012,0,0,240,559
1308,0,1,0,0,1,1.5172544859587298,6.643807595934541,332,5,1333755894,0,0,224,8450
3802,1,1,0,0,0,0.10191042566270775,5.808396673640056,332,3,1398849588,0,0,224,258
1309,0,1,1,0,0,3.8963350018988967,7.736412255574222,332,4,1344630696,0,0,224,271
3806,1,1,0,3,1,0.2108262677871819,6.210415823760197,34404,10,19,0,0,240,559
131,0,1,0,5,5,0.416541661794913,6.048819009556771,332,8,1342126964,0,0,224,270
3811,1,1,0,0,0,0.10191042566270775,5.995058682182298,332,3,1343350738,0,0,224,258
1310,0,1,1,1,0,3.0378958027787095,7.718328717006634,332,5,1332008711,0,0,224,270
3826,1,1,0,1,1,2.029410115660876,6.239861105425435,332,7,1421251714,0,0,224,258
1311,0,1,0,3,3,2.4745000159258113,7.280482228735135,332,7,1338217236,0,0,224,270
3838,1,1,0,1,0,0.19763312813451886,6.450192691173484,34404,7,1436498050,0,0,240,34
1312,0,1,0,5,5,0.12943919267108936,6.048333394931211,332,8,1342301561,0,0,224,270
3847,1,1,0,4,1,0.186582516434666,5.90543702881366,34404,11,32804064,51200,183,240,39
1313,0,1,0,0,1,4.046794628218161,6.64290787512605,332,4,0,0,0,224,271
385,1,1,0,0,0,4.011424543846821,6.390142168067281,332,5,1442983269,0,0,224,258
1314,0,1,0,0,0,1.6649936702546246,7.139484908044265,332,4,1335805282,0,0,224,270
3854,1,1,0,0,0,2.7020288150716927,6.1090857609231906,34404,6,1399494824,0,0,240,34
1315,0,1,0,0,0,2.607859438814721,6.6440440229725315,332,5,1333756130,0,0,224,8450
3861,1,1,0,1,2,4.749743494002071,6.360033956445427,332,5,136206,0,0,224,783
1316,0,1,1,0,0,3.1702038881216588,7.9405300628520505,332,4,1334652129,0,0,224,271
3869,1,1,0,0,0,0.22629572047324953,5.902427149526698,332,4,1269704119,0,0,224,258
1317,0,1,0,0,0,2.606149396733059,6.644198969446351,332,5,1333985321,0,0,224,8450
3874,1,1,0,4,1,0.19743807838821048,6.033964640691271,34404,11,20367392,38400,162,240,39
1318,0,1,1,0,0,4.258259086178153,7.866096887823529,332,4,1335342692,0,0,224,271
3875,1,1,0,1,1,3.305140870217324,6.464714537531558,34404,7,1502441819,0,0,240,34
1319,0,1,0,1,0,1.5545988507011996,7.123973271592456,332,5,1335277258,0,0,224,270
3893,1,1,0,4,1,0.19743807838821048,5.704099279810424,34404,11,14387232,40448,173,240,39
132,0,1,1,0,0,3.927427269109975,7.860232118750082,332,4,1334823586,0,0,224,271
3900,1,1,0,4,1,0.19743807838821048,6.133994812708172,34404,11,17082400,44032,178,240,39
1320,0,1,0,0,0,0.6403902896818047,6.647794634301024,332,4,1319571264,0,0,224,271
3903,1,1,0,4,1,0.1991075177871819,6.015911485522121,34404,11,16013344,69632,226,240,39
1321,0,1,1,0,0,6.64564831835896,7.687595193711517,332,4,1333306647,0,0,224,271
3907,1,1,0,3,1,0.19743807838821048,5.870136990869898,34404,9,1879465991,0,0,240,559
1322,0,1,1,1,0,0.2667247289058982,7.9888297314885905,332,6,1212821566,0,0,224,258
3921,1,1,0,0,0,0.40274607183492983,6.064722595574095,34404,6,1436498294,0,0,240,34
1323,0,1,0,5,5,0.416541661794913,6.05043980213455,332,8,1342162840,0,0,224,270
3922,1,1,0,0,0,1.7425756490877689,5.998263220343466,34404,6,1484588731,0,0,240,34
1324,0,1,0,0,0,2.5972473294727156,6.6443635434325525,332,5,1333758254,0,0,224,8450
3932,1,1,0,0,0,1.3550052473588754,6.15540944757879,34404,6,1436498491,0,0,240,34
1325,0,1,1,4,3,1.9906400980354142,7.768954093837593,332,8,1332885641,0,0,224,270
3935,1,1,0,0,0,1.0466633699610912,6.116939410544258,34404,6,1436498107,0,0,240,34
1326,0,1,1,0,0,3.770000384660344,7.768227371256322,332,4,1332675903,0,0,224,271
3937,1,1,0,4,1,0.19743807838821048,6.056953611293891,34404,11,0,38400,140,240,39
1327,0,1,1,0,0,0.06784557522715084,7.943872842224671,332,4,1300731694,0,0,224,271
3967,1,1,0,3,1,0.186582516434666,5.967777046250367,34404,9,0,0,0,240,559
1328,0,1,0,5,5,0.12943919267108936,6.045175024799445,332,8,1342301988,0,0,224,270
397,1,1,0,0,0,3.4616542610063767,6.53407586007291,332,5,1343345233,0,0,224,290
1329,0,1,1,0,0,4.365003733337219,7.870734953060089,332,4,1335109490,0,0,224,271
3977,1,1,0,0,0,0.7631453677596074,6.4540050792047685,332,4,1292893695,0,0,224,258
133,0,1,0,0,1,1.5179620532237201,6.643661752884318,332,5,1333985852,0,0,224,8450
398,1,1,0,0,0,1.9153576686212492,6.3801733027922145,34404,6,1465051083,0,0,240,34
1330,0,1,1,1,0,0.2662358782763274,7.9883289723049735,332,6,1209742090,0,0,224,258
3986,1,1,0,0,0,0.1833387916558982,7.275399730863438,332,5,1436499018,0,0,224,258
1332,0,1,1,0,0,0.7080048444622447,7.904980019042509,332,4,1343908395,0,0,224,271
4004,1,1,0,3,1,0.2005819074398449,6.259336279272795,34404,9,145624,0,0,240,559
1333,0,1,0,0,0,2.6024222637913783,6.64316075947628,332,5,1333755659,0,0,224,8450
4018,1,1,0,0,0,1.011614903364966,6.8596664631364845,332,2,1504844045,0,0,224,8450
1334,0,1,0,3,3,2.617643850195868,7.28202559151209,332,7,1337981960,0,0,224,270
4021,1,1,0,1,0,1.491325284942399,6.4799950584382895,332,6,1494884582,0,0,224,258
1335,0,1,1,0,0,6.37788358968373,7.822354850307204,332,4,1343473788,0,0,224,271
4040,1,1,0,1,2,4.472883536650756,6.196949503602076,332,7,910767672,0,0,224,782
1336,0,1,1,0,0,1.3045312078984737,7.998509477787713,332,4,1397584768,0,0,224,502
4049,1,1,0,4,1,0.19743807838821048,5.977989596971393,34404,11,13723680,33280,148,240,39
1337,0,1,0,0,0,6.6380866411436825,7.374276654252384,332,4,1333485320,0,0,224,271
4060,1,1,0,0,0,4.527423174446202,5.804404625903485,34404,2,1394855080,0,0,240,34
1338,0,1,0,3,3,2.222951494890152,7.2883057206680855,332,7,1337887252,0,0,224,270
4094,1,1,0,0,0,2.2796763266511126,6.4957531148851135,332,5,1328835294,0,0,224,258
1339,0,1,0,0,0,2.610609415203719,6.613519309303773,332,5,1324178753,0,0,224,8450
41,1,1,0,0,0,2.1997038340788224,6.547290240693196,34404,5,1233230254,0,0,240,35
134,0,1,1,4,0,0.020393135236084953,7.982254980497144,332,8,1336941911,0,0,224,258
4101,1,1,0,4,1,0.19743807838821048,5.945626743030456,34404,11,0,27648,94,240,39
1340,0,1,1,0,0,5.961564843226738,7.9204613255506855,332,4,1343592957,0,0,224,271
4104,1,1,0,0,0,2.7261086523984552,6.611707003085253,332,5,1439585786,0,0,224,258
1341,0,1,0,5,0,0.16032872589902852,7.084456425111617,332,9,1335066496,0,0,224,270
4114,1,1,0,1,2,4.071786531989627,6.181596309574603,332,5,49818,0,0,224,783
1342,0,1,0,5,5,0.12943919267108936,6.045174906926035,332,8,1342323625,0,0,224,270
4144,1,1,0,0,0,0.10191042566270775,5.530762106717299,332,3,1487598633,0,0,224,34
1343,0,1,1,0,0,6.112086455713631,7.906739202840003,332,4,1344425924,0,0,224,271
4168,1,1,0,1,0,0.25119511719485244,6.277660333478172,332,6,1436575221,0,0,224,258
1344,0,1,1,1,0,0.2678855901124811,7.988200693258982,332,6,1213801317,0,0,224,258
4178,1,1,0,0,0,3.6456493524333977,6.582331889337764,332,4,1330267348,0,0,224,259
1345,0,1,1,0,0,4.074325254803732,7.776941873771428,332,4,1332407685,0,0,224,271
4187,1,1,0,0,0,1.8966037165880276,6.573089882522755,332,5,1439586044,0,0,224,258
1346,0,1,1,1,0,0.26537956899273246,7.987371197552792,332,6,1213885791,0,0,224,258
4190,1,1,0,0,0,0.08153941234324169,5.074865551739501,332,3,1433126460,0,0,224,34
1347,0,1,1,0,0,3.335600958915506,7.828922741978926,332,4,1340867069,0,0,224,271
4191,1,1,0,0,0,0.07763316234324169,5.5317253136848805,332,3,1343345733,0,0,224,258
1348,0,1,0,0,0,2.6071787912781943,6.643485959548034,332,5,1333756366,0,0,224,8450
4200,1,1,0,1,2,4.700193720685817,6.394687341192301,332,5,333174,0,0,224,783
1349,0,1,0,0,0,0.39408806322024814,6.329115277896777,332,4,1319571264,0,0,224,271
4206,1,1,0,4,1,0.19743807838821048,5.887871770220735,34404,11,38430736,41984,172,240,39
135,0,1,0,4,2,0.1952012677871819,6.6802951775515815,332,8,708992537,0,0,224,33166
4237,1,1,0,1,0,0.2960261676589459,6.331092227030616,332,6,1436498720,0,0,224,258
1350,0,1,1,0,0,5.035095770850417,7.977099695461861,332,4,1343811892,0,0,224,258
4241,1,1,0,0,0,2.593376892541771,6.148899128605334,34404,6,1484591815,0,0,240,34
1351,0,1,1,0,0,4.224082501265148,7.84339783856722,332,4,1335210826,0,0,224,271
4242,1,1,0,0,0,0.08153941234324169,5.702664391375808,332,3,1343335854,0,0,224,258
1353,0,1,1,0,0,3.9525946796450304,7.736458937559631,332,4,1344673277,0,0,224,271
4247,1,1,0,4,1,0.19743807838821048,5.9681684344210275,34404,11,36476960,39936,155,240,39
1354,0,1,1,0,0,2.9479396223882492,7.966731327655429,332,4,1331800726,0,0,224,271
4250,1,1,0,3,0,0.020393135236084953,6.114939976026797,34404,9,1504846732,0,0,240,34
1355,0,1,0,3,3,2.617643850195868,7.286787329092937,332,7,1338116423,0,0,224,270
4251,1,1,0,3,1,0.19743807838821048,5.9118297306851,34404,9,1919968886,0,0,240,559
1356,0,1,1,0,0,4.972571639180036,7.9762654093384455,332,4,1342438141,0,0,224,271
426,1,1,0,0,0,2.7229575859882598,6.546664429626907,332,5,1343345231,0,0,224,290
1357,0,1,1,0,0,4.977772081096585,7.985075016392088,332,4,1342552538,0,0,224,271
4278,1,1,0,0,0,0.08153941234324169,5.603456320593333,332,3,1328930545,0,0,224,258
1358,0,1,1,0,0,3.8661069849143765,7.736050363968069,332,4,1344608860,0,0,224,271
430,1,1,0,4,1,0.19743807838821048,5.993592723263867,34404,11,39032864,36864,155,240,39
1359,0,1,1,0,0,2.0735068863421913,7.744424849903238,332,5,1213378161,0,0,224,8450
4324,1,1,0,1,1,0.2044881574398449,6.553507811377554,332,7,3150785359,0,0,224,33166
136,0,1,1,0,0,4.210414460260621,7.843996607327601,332,4,1335515320,0,0,224,271
4330,1,1,0,1,2,4.0650408188448655,6.234422040936367,332,5,37520,0,0,224,783
1360,0,1,1,0,0,3.9382830281853267,7.7360129806585345,332,4,1344673277,0,0,224,271
4345,1,1,0,0,0,0.08153941234324169,5.473099733400461,332,3,1343348872,0,0,224,258
1361,0,1,1,0,0,2.668011328855829,7.988024303010002,332,4,1319571264,0,0,224,271
4349,1,1,0,3,1,0.2044881574398449,5.891296484862119,332,9,4294967295,31232,112,224,263
1363,0,1,1,0,0,4.365003733337219,7.867039381038855,332,4,1335109490,0,0,224,271
4353,1,1,0,3,1,0.2044881574398449,6.105081946547442,34404,9,0,0,0,240,559
1364,0,1,1,0,0,4.438159056235745,7.80605447391607,332,4,1341321576,0,0,224,271
4354,1,1,0,0,0,0.08153941234324169,5.742763141112803,332,3,1343348683,0,0,224,258
1365,0,1,1,0,0,0.06784557522715084,7.94392586321813,332,4,1300731694,0,0,224,271
4355,1,1,0,1,2,3.7924685092839443,6.170347091782353,332,5,41730,0,0,224,783
1366,0,1,0,4,0,0.16032872589902852,6.798506257409129,332,8,1334750426,0,0,224,270
4380,1,1,0,0,0,0.30754410475965943,5.720690813533616,332,5,1343345232,0,0,224,290
1367,0,1,0,0,1,1.5221991714807492,6.6439017700302205,332,5,1333761802,0,0,224,8450
4392,1,1,0,0,0,0.7116624454016112,6.0902620242011585,332,5,1494283386,0,0,224,290
1368,0,1,0,0,0,0.013126943721219527,6.667172839607621,332,5,1332481582,0,0,224,8450
4405,1,1,0,3,1,0.190488766434666,5.590048419900684,34404,9,189412,0,0,240,559
1369,0,1,0,0,0,0.4319330992174185,5.746205822444407,332,4,1104158789,0,0,224,287
4429,1,1,0,0,0,3.015476906539767,5.322831847753265,34404,2,1341813354,0,0,240,34
137,0,1,1,6,6,4.236080652025736,7.635342012751922,332,10,1333240835,0,0,224,270
4432,1,1,0,1,0,0.39360932787291114,6.486334512296408,332,6,1482201870,0,0,224,258
1370,0,1,1,0,0,3.2665925121710404,7.946192677511618,332,4,1331883114,0,0,224,271
4445,1,1,0,0,0,0.08153941234324169,5.658456069900406,332,3,1343345138,0,0,224,258
1371,0,1,1,0,0,1.1369952838140192,7.969147821329146,332,4,1331844927,0,0,224,271
4492,1,1,0,2,0,0.020393135236084953,6.682731309797963,332,7,1482202162,0,0,224,258
1372,0,1,1,0,0,3.9205908464939525,7.736620202158684,332,4,1344630696,0,0,224,271
4501,1,1,0,4,1,0.19743807838821048,5.81802915075988,34404,11,0,30208,132,240,39
1373,0,1,1,0,0,1.6370776066829056,7.637250505153631,332,4,1333049654,0,0,224,271
4506,1,1,0,1,2,4.160336862493885,6.310090104587353,332,5,70402,0,0,224,783
1374,0,1,0,0,0,5.479000193253491,7.846619402143569,332,3,1294979457,0,0,224,258
4511,1,1,0,0,0,3.6759369498351773,5.259825663751524,34404,2,1238349709,0,0,240,302
1375,0,1,0,5,5,0.4255926339982148,6.0511579485122535,332,8,1342040573,0,0,224,270
4523,1,1,0,0,0,1.6208513167855236,6.625218902282525,332,5,1438470873,0,0,224,258
1376,0,1,1,0,0,2.660325710991188,7.639087838052531,332,4,1333049649,0,0,224,271
4529,1,1,0,0,0,4.410919281815925,6.666781845803963,34404,6,1394855165,0,0,240,34
1377,0,1,1,5,0,0.43710972513537405,7.898085828889893,332,9,1305351444,0,0,224,258
4530,1,1,0,1,2,4.789216936740072,6.413064384059037,332,5,168858,0,0,224,783
1378,0,1,1,0,0,6.008817086576579,7.914537821561505,332,4,1345445757,0,0,224,271
4546,1,1,0,2,1,0.22482003450968063,6.2977012182362815,332,8,1363093314,0,0,224,783
1379,0,1,0,6,1,1.219792933845808,7.004749782199044,332,8,1306055668,0,0,224,258
4559,1,1,0,0,0,0.08153941234324169,5.90490013541225,332,3,1343344600,0,0,224,258
138,0,1,1,0,0,4.2516646054999985,7.847714445256743,332,4,1335469004,0,0,224,271
4560,1,1,0,1,1,2.707112935844243,6.050136975403572,34404,7,1436498466,0,0,240,34
1380,0,1,1,0,0,1.8682277193699677,7.914190714135341,332,5,1195835369,0,0,224,258
4561,1,1,0,1,2,3.6390687495438967,6.419079437135635,332,5,332384,0,0,224,783
1381,0,1,0,5,5,0.416541661794913,6.050649771172381,332,8,1342174801,0,0,224,270
4577,1,1,0,1,2,4.395276479433384,6.243022160628317,332,5,586610,0,0,224,783
1382,0,1,0,0,0,4.415599964165836,5.854598929090304,332,4,1213002442,0,0,224,259
459,1,1,0,0,0,2.8108537211281277,6.342183535497024,34404,6,1377822669,0,0,240,34
1383,0,1,1,1,0,0.2677012914058982,7.988199963727798,332,6,1213801317,0,0,224,258
4591,1,1,0,2,0,0.020393135236084953,6.343169805569836,332,7,1482202013,0,0,224,258
1384,0,1,1,0,0,1.9489780380055324,7.631444050259848,332,3,1333531222,0,0,224,270
4599,1,1,0,0,0,2.2494455334272643,5.626451383614578,34404,6,1343264490,0,0,240,34
1385,0,1,1,0,0,3.8067363487314534,7.769745390590473,332,4,1332576541,0,0,224,271
4600,1,1,0,3,1,0.1991075177871819,6.269480310823946,34404,9,16900,0,0,240,559
1386,0,1,1,0,0,4.258259086178153,7.874872665132302,332,4,1335342692,0,0,224,271
4624,1,1,0,0,0,3.64846569517482,6.6834743822958895,332,5,1438937247,0,0,224,258
1387,0,1,1,4,0,0.020393135236084953,7.981585933630727,332,8,1336941911,0,0,224,258
463,1,1,0,0,0,1.1020159005104224,6.544688478464973,332,5,1436498943,0,0,224,258
1388,0,1,1,0,0,4.365003733337219,7.842891788295494,332,4,1335109490,0,0,224,271
4630,1,1,0,2,2,0.20544562813451883,6.474506599432518,332,8,1459953545,0,0,224,33167
1389,0,1,1,0,0,3.6455248594362097,7.896698120031881,332,4,1335031099,0,0,224,271
4676,1,1,0,4,1,0.19743807838821048,5.880747551594138,34404,11,88,37888,156,240,39
139,0,1,0,4,0,0.16032872589902852,7.080017064912236,332,8,1334773457,0,0,224,270
4683,1,1,0,2,2,0.20544562813451883,6.474506599432518,332,8,1459953545,0,0,224,33167
1390,0,1,1,0,0,4.005955575531081,7.731520444094418,332,4,1344755412,0,0,224,271
4693,1,1,0,1,0,1.6440459385784247,6.149190097560511,332,6,1504845261,0,0,224,258
1392,0,1,1,1,0,0.06116285224115448,7.965960699606917,332,5,1343925362,0,0,224,258
4695,1,1,0,0,0,0.10191042566270775,6.696840688372063,332,3,1504852466,0,0,224,258
1393,0,1,0,0,0,0.40554835374125364,6.68634444342515,332,4,1319571264,0,0,224,271
4700,1,1,0,0,0,1.8623538187164572,6.677267293549501,332,5,1436498745,0,0,224,258
1394,0,1,1,0,0,3.4691998033449685,7.921451252455179,332,4,1343329266,0,0,224,271
4708,1,1,0,3,1,0.2044881574398449,5.582737822367407,34404,9,303804,0,0,240,559
1395,0,1,1,1,0,0.26693283945119883,7.98728493982183,332,6,1209743878,0,0,224,258
4722,1,1,0,0,0,0.08153941234324169,5.672040451388245,332,3,1343348681,0,0,224,258
1397,0,1,1,0,0,6.204241522700426,7.806770380825266,332,4,1332842084,0,0,224,271
4730,1,1,0,3,1,0.2044881574398449,6.271439751568942,34404,9,0,0,0,240,559
1398,0,1,1,0,0,3.469171587925266,7.827653474838134,332,4,1340783524,0,0,224,271
4739,1,1,0,3,1,0.19743807838821048,5.936384307511748,34404,9,16900,0,0,240,559
1399,0,1,1,0,0,3.9002684118479682,7.736191215309829,332,4,1344630696,0,0,224,271
480,1,1,0,1,1,0.20544562813451883,6.523610797825466,332,8,2660251867,0,0,224,33166
14,0,1,0,0,0,2.5972473294727156,6.6443635434325525,332,5,1333758254,0,0,224,8450
4802,1,1,0,1,2,3.93959628251599,6.225145199764715,332,5,33412,0,0,224,783
140,0,1,1,1,0,0.10431583732584766,7.760440630026378,332,5,1331491238,0,0,224,271
4812,1,1,0,3,1,0.19743807838821048,5.989466691799227,34404,9,0,0,0,240,559
1400,0,1,0,1,0,5.9392720655224736,6.850995578596381,332,5,1307308631,0,0,224,258
4819,1,1,0,3,1,0.2044881574398449,6.2953831761038135,34404,9,0,0,0,240,559
1401,0,1,0,0,0,2.604134379144955,6.6439017700302205,332,5,1333761802,0,0,224,8450
4831,1,1,0,0,0,1.7924991371742858,6.417740325264746,34404,6,1343265099,0,0,240,34
1403,0,1,1,0,0,2.6696466531143326,7.9880057267647615,332,4,1319571264,0,0,224,271
4870,1,1,0,0,0,0.5078302113872192,6.095498453382018,34404,6,1436498324,0,0,240,34
1404,0,1,1,0,0,0.020393135236084953,7.861286054472875,332,4,1304906909,0,0,224,258
4889,1,1,0,0,0,3.4966504004527645,6.058197445220964,34404,6,1484588578,0,0,240,34
1406,0,1,1,0,0,4.139347676949244,7.876630245022552,332,4,1332274738,0,0,224,271
4901,1,1,0,3,1,0.19743807838821048,5.835664853691039,34404,9,84084737,0,0,240,559
1407,0,1,1,5,5,4.2411963511701485,7.519107636459907,332,9,1333178475,0,0,224,270
4910,1,1,0,0,0,2.83369155606187,6.424642803713027,34404,6,1343337794,0,0,240,34
1408,0,1,1,0,0,6.370982705931963,7.921829930953508,332,4,1343373741,0,0,224,271
4923,1,1,0,4,1,0.19743807838821048,5.961444979743309,34404,11,1634231135,37376,142,240,39
1409,0,1,0,3,3,2.4745000159258113,7.280486553545949,332,7,1338246049,0,0,224,270
4932,1,1,0,0,0,4.055778626055404,5.373621451795546,34404,2,1504845641,0,0,240,34
141,0,1,1,0,0,0.020393135236084953,7.861630152820272,332,4,1296673258,0,0,224,258
494,1,1,0,0,0,0.08153941234324169,5.693876825723251,332,3,1343344613,0,0,224,258
1410,0,1,1,2,0,0.37387747993819864,7.879114867692615,332,6,1307674046,0,0,224,258
4945,1,1,0,3,1,0.190488766434666,5.596146012159281,34404,9,0,0,0,240,559
1411,0,1,1,0,0,2.1825047445903873,7.731389278141639,332,4,1332966487,0,0,224,271
4970,1,1,0,0,0,0.8133439797151405,6.44092528584157,332,5,1343345227,0,0,224,290
1412,0,1,1,0,0,3.4438908895827653,7.921949514829823,332,4,1343160515,0,0,224,271
4979,1,1,0,3,1,0.2044881574398449,5.633997992592548,34404,9,225908,0,0,240,559
1413,0,1,0,0,0,4.415599964165836,5.8329951346343965,332,4,1317724828,0,0,224,259
5009,1,1,0,0,0,4.029761406638574,6.975564267529141,34404,5,1484857010,0,0,240,35
1415,0,1,0,3,0,0.16032872589902852,6.998701400803691,332,7,1334694041,0,0,224,270
5010,1,1,0,1,1,3.4707974420044247,7.054786067215087,332,5,1484037335,0,0,224,259
1416,0,1,0,0,0,0.4023792985675851,6.644959273128393,332,4,1319571264,0,0,224,271
5012,1,1,0,4,1,0.19743807838821048,6.020375929072547,34404,11,143392768,38400,152,240,39
1417,0,1,1,0,0,0.06262444783142707,7.914300394942759,332,4,1326871294,0,0,224,271
5029,1,1,0,0,0,2.6066420482102357,6.394793997544991,332,3,1430975994,0,0,224,259
1419,0,1,0,3,2,2.6228839194902287,7.1276969033468545,332,7,1335991230,0,0,224,270
503,1,1,0,0,0,0.08153941234324169,5.669625162350602,332,3,1343348561,0,0,224,258
142,0,1,0,0,0,2.6058640429280744,6.6434410073850465,332,5,1333760698,0,0,224,8450
5038,1,1,0,0,0,0.4221654195603677,6.122277312116301,34404,6,1436498301,0,0,240,34
1420,0,1,1,0,0,2.2015858895064944,7.947974262301728,332,4,1342094796,0,0,224,271
5040,1,1,0,0,0,0.10191042566270775,5.673867450402604,332,3,1328929821,0,0,224,258
1421,0,1,1,0,0,4.979168691366088,7.976433047428336,332,4,1343041823,0,0,224,271
5060,1,1,0,4,1,0.2005819074398449,6.088161631586169,34404,11,0,69632,186,240,39
1422,0,1,1,0,0,0.020393135236084953,7.866495948118348,332,4,1297433515,0,0,224,258
5064,1,1,0,0,0,0.10191042566270775,5.808822050278338,332,3,1398849675,0,0,224,258
1423,0,1,1,2,0,0.16032872589902852,7.567061417124596,332,6,1334533809,0,0,224,270
5067,1,1,0,0,0,1.9537970953992667,6.490537100915088,332,5,1504860064,0,0,224,258
1424,0,1,0,5,0,0.16032872589902852,7.080703659147799,332,9,1335147626,0,0,224,270
5078,1,1,0,0,0,1.026294480966368,3.214157934645707,332,2,1504844043,0,0,224,8450
1425,0,1,1,1,1,7.469042665956552,7.7578656399271075,332,3,1297643496,0,0,224,258
5085,1,1,0,1,2,4.125012574101661,6.191704295327515,332,5,33440,0,0,224,783
1426,0,1,0,0,0,2.1021421438980834,6.15493038005217,332,4,1383660538,0,0,224,271
5086,1,1,0,1,2,3.9530763363081234,6.253999270124202,332,5,49796,0,0,224,783
1427,0,1,1,0,0,6.633269924415478,7.692212153286887,332,4,1333436105,0,0,224,271
5091,1,1,1,0,0,6.174354743560855,7.627363485079183,34404,2,1453327372,0,0,240,34
1428,0,1,1,0,0,3.770000384660344,7.767280108799168,332,4,1332675903,0,0,224,271
5103,1,1,0,0,0,0.6365776937070338,5.800338592759725,34404,5,1328933729,0,0,240,34
143,0,1,1,0,0,3.8067363487314534,7.767424866833561,332,4,1332576541,0,0,224,271
5126,1,1,0,1,1,1.805901020190275,6.101944651240906,34404,7,1436498411,0,0,240,34
1430,0,1,1,3,2,3.0536730686741533,7.71633300266525,332,7,1332276610,0,0,224,270
5127,1,1,0,2,2,0.2108262677871819,6.4757653002781765,332,8,1349772503,0,0,224,33167
1431,0,1,1,0,0,0.6417950218118956,7.992896946678604,332,4,1331754463,0,0,224,271
5142,1,1,0,4,1,0.1991075177871819,5.956315426641353,34404,11,15542288,64512,323,240,39
1432,0,1,1,0,0,4.206686935448474,7.87216842406516,332,4,1335379208,0,0,224,271
5153,1,1,0,1,0,0.08153941234324169,5.611679802879066,34404,7,1436498351,0,0,240,34
1433,0,1,1,0,0,5.13248147891394,7.8771573595636895,332,4,1340633119,0,0,224,271
5156,1,1,0,3,1,0.17014565200323517,5.945644864377524,34404,9,4233408,0,0,240,559
1434,0,1,1,0,0,2.2015858895064944,7.947974262301728,332,4,1342094796,0,0,224,271
5163,1,1,0,4,1,0.186582516434666,5.917379181090799,34404,11,28112928,48128,287,240,39
1435,0,1,1,0,0,3.8072317617062184,7.861117892371631,332,4,1334914772,0,0,224,271
5166,1,1,0,3,1,0.19743807838821048,5.926820286840712,34404,9,34240,0,0,240,559
1436,0,1,1,0,0,3.770000384660344,7.76646850946816,332,4,1332675903,0,0,224,271
5174,1,1,0,0,0,1.6844499262029529,6.110981125114419,332,5,1343345315,0,0,224,290
1437,0,1,0,3,0,0.16032872589902852,6.998953127102759,332,7,1334674086,0,0,224,270
5181,1,1,0,0,0,0.08153941234324169,6.2667865245237255,332,3,1343343019,0,0,224,258
1438,0,1,1,0,0,3.8072317617062184,7.862243238634323,332,4,1334914772,0,0,224,271
5215,1,1,0,1,2,4.29365218006422,6.442943637776261,332,5,160732,0,0,224,783
1439,0,1,0,0,0,2.5972473294727156,6.6443635434325525,332,5,1333758254,0,0,224,8450
5222,1,1,0,0,0,1.145244944395512,6.057322560521504,332,5,1484797874,0,0,224,258
144,0,1,1,0,0,3.9243530605339987,7.736238162224095,332,4,1344630696,0,0,224,271
5231,1,1,0,4,1,0.19743807838821048,5.883789276896967,34404,11,667484160,37888,154,240,39
1440,0,1,0,3,3,2.617643850195868,7.286769729393346,332,7,1338069663,0,0,224,270
5236,1,1,0,3,1,0.2044881574398449,5.589033174812973,34404,9,160004,0,0,240,559
1441,0,1,1,0,0,2.669167917766996,7.987981132032722,332,4,1319571264,0,0,224,271
526,1,1,0,4,1,0.19743807838821048,5.948868774398717,34404,11,0,30208,125,240,39
1442,0,1,1,0,0,1.660741470390731,7.638049127391624,332,4,1333049654,0,0,224,271
5267,1,1,0,4,1,0.20544562813451883,6.1045637527365875,34404,10,0,193024,434,240,39
1443,0,1,0,5,0,0.16032872589902852,7.084448189346996,332,9,1335104666,0,0,224,270
5269,1,1,0,3,1,0.190488766434666,6.241253731105157,34404,9,0,0,0,240,559
1444,0,1,1,0,0,0.7119607227397066,7.903509983281375,332,4,1344193048,0,0,224,271
5272,1,1,0,0,0,3.5830143637635783,6.32182596228025,332,5,1494884055,0,0,224,258
1448,0,1,1,0,0,3.8072317617062184,7.864634937243748,332,4,1334914772,0,0,224,271
5275,1,1,0,4,1,0.2069200177871819,6.100636294942243,34404,11,36107680,57344,147,240,39
1449,0,1,1,0,0,4.412329033203803,7.875358141864832,332,4,1340713038,0,0,224,271
531,1,1,0,1,0,0.39360932787291114,6.239557058011448,332,6,1482201860,0,0,224,258
145,0,1,1,0,0,6.11856855326581,7.778943593905457,332,3,1305971022,0,0,224,258
5328,1,1,0,4,1,0.19743807838821048,5.977666037138995,34404,11,131104,32256,148,240,39
1450,0,1,0,3,3,2.617643850195868,7.2820072448898765,332,7,1338012067,0,0,224,270
5333,1,1,0,0,0,4.756530201222274,6.588647527921156,332,5,1501534402,0,0,224,290
1451,0,1,1,0,0,3.388130949619665,7.896517841470501,332,4,1304411205,0,0,224,258
5363,1,1,0,4,1,0.19743807838821048,5.921654211242349,34404,11,20588560,36864,139,240,39
1452,0,1,1,0,0,2.2479703481368913,7.88745133581257,332,4,1333707682,0,0,224,271
537,1,1,0,3,1,0.2108262677871819,6.281914257379643,34404,9,0,0,0,240,559
1453,0,1,1,0,0,6.377630692189544,7.8223163198901915,332,4,1343473788,0,0,224,271
5374,1,1,0,0,0,5.122855514124234,6.508618866268472,332,4,1267548724,0,0,224,258
1454,0,1,0,3,0,0.16032872589902852,6.577801302160624,332,7,1334694309,0,0,224,270
5389,1,1,0,1,0,0.1833387916558982,6.37166740767157,332,6,1436499034,0,0,224,258
1455,0,1,0,5,0,0.16032872589902852,7.0807411309243715,332,9,1335094837,0,0,224,270
5413,1,1,0,4,1,0.1991075177871819,5.984139035251748,34404,11,21547040,70656,170,240,39
1456,0,1,0,5,0,0.16032872589902852,7.08078515278439,332,9,1335021855,0,0,224,270
5440,1,1,0,1,0,0.41389007474477,6.6058819167933285,332,6,1482201872,0,0,224,258
1457,0,1,0,2,2,3.475101166587485,6.249508623639482,332,6,1336256806,0,0,224,270
5447,1,1,0,0,0,0.7887049481912798,4.329437180173599,34404,7,1399494020,0,0,240,34
1458,0,1,1,1,0,0.10431583732584766,7.708656839513582,332,5,1331491250,0,0,224,271
5448,1,1,0,1,1,0.190488766434666,6.550995742726711,332,8,2025535247,0,0,224,33166
1459,0,1,1,6,6,4.23406032478218,7.635290422880174,332,10,1333327240,0,0,224,270
546,1,1,0,0,0,0.6407738926386088,6.395929824460373,332,5,1436498943,0,0,224,258
146,0,1,0,0,1,1.5201911167845683,6.6434410073850465,332,5,1333760698,0,0,224,8450
5460,1,0,0,0,0,0.0,0.0,0,0,0,0,0,0,0
1460,0,1,1,1,1,3.9837350453792273,7.823499444387522,332,5,1335725530,0,0,224,271
5462,1,1,0,0,0,0.1833387916558982,6.534351986594371,332,5,1436498882,0,0,224,258
1461,0,1,0,0,0,0.40554835374125364,6.662870984666856,332,4,1319571264,0,0,224,271
5466,1,1,0,3,1,0.19743807838821048,5.904538881678873,34404,9,0,0,0,240,559
1464,0,1,1,0,0,0.6417950218118956,7.994130858770044,332,4,1331754463,0,0,224,271
5480,1,1,0,4,1,0.19743807838821048,5.898074592389299,34404,10,0,28160,85,240,39
1465,0,1,0,5,0,0.16032872589902852,7.084461636906029,332,9,1335056446,0,0,224,270
5487,1,1,0,1,1,0.2108262677871819,6.756589676207288,332,8,2693216475,0,0,224,33166
1466,0,1,1,0,0,3.4679516270213293,7.921787070498962,332,4,1343141119,0,0,224,271
5489,1,1,0,1,2,3.722320896293325,6.160944482719886,332,5,33376,0,0,224,783
1468,0,1,1,0,0,3.1564227264811184,7.940605963740824,332,4,1334688361,0,0,224,271
5490,1,1,0,0,0,1.5441023654454014,6.024039148535674,34404,6,1484588935,0,0,240,34
1469,0,1,1,3,1,4.164608791209801,7.980779434491256,332,9,1199997096,0,0,224,271
5497,1,1,0,0,0,2.47109913064434,6.410008253153568,332,5,1436499277,0,0,224,258
1471,0,1,1,4,0,0.020393135236084953,7.982021369293698,332,8,1336941911,0,0,224,258
5499,1,1,0,0,0,0.7073695307662838,6.233837880755612,34404,6,1484588584,0,0,240,34
1472,0,1,1,0,0,6.596133636363702,7.989656172060261,332,2,1405029449,0,0,224,271
5501,1,1,0,0,0,0.08153941234324169,5.701278115962324,332,3,1341816970,0,0,224,258
1473,0,1,1,0,0,4.368097978293657,7.703512294776329,332,4,1334247909,0,0,224,270
5519,1,1,0,0,0,1.9047749217895302,6.385259841337711,34404,6,1465050937,0,0,240,34
1474,0,1,0,0,1,1.523063830134931,6.644070165747287,332,5,1333985043,0,0,224,8450
5523,1,1,0,3,1,0.19743807838821048,5.888706726170281,34404,11,2687016992,0,0,240,558
1475,0,1,0,0,0,4.244495786971757,6.646913785464034,332,5,1413199814,0,0,224,258
5528,1,1,0,0,0,1.6632139676657172,5.947409539483079,34404,5,1328933617,0,0,240,34
1477,0,1,1,0,0,5.962619372705045,7.922313448147056,332,4,1343676558,0,0,224,271
5535,1,1,0,1,1,0.2044881574398449,6.530412012980564,332,7,2189179041,0,0,224,33166
1479,0,1,1,0,0,3.4509026145963246,7.921755959511448,332,4,1343160515,0,0,224,271
5545,1,1,0,4,1,0.19743807838821048,5.9217903368606555,34404,11,0,28160,96,240,39
148,0,1,0,0,0,1.661304313284645,7.1384488284701835,332,4,1335465637,0,0,224,270
5552,1,1,0,1,2,4.233462515798761,6.351904218619887,332,5,66362,0,0,224,783
1480,0,1,0,0,1,1.5228003543437636,6.643661752884318,332,5,1333985852,0,0,224,8450
5558,1,1,0,0,0,1.2016932770296318,6.29377927274646,34404,5,1328933601,0,0,240,34
1481,0,1,0,0,0,2.609819023960272,6.620593801109392,332,5,1325129898,0,0,224,8450
5559,1,1,0,0,0,1.3708970277960684,6.035840301168603,332,5,1343334899,0,0,224,290
1482,0,1,1,0,0,0.9254433364381764,7.903680793291381,332,4,1341859455,0,0,224,271
5563,1,1,0,4,1,0.19743807838821048,5.936100477621431,34404,11,25061408,39936,156,240,39
1483,0,1,1,0,0,3.882848107713365,7.7369003976165995,332,4,1344608860,0,0,224,271
5565,1,1,0,0,0,2.3232191936842534,5.971563456669974,34404,6,1436498455,0,0,240,34
1484,0,1,1,0,0,1.9489780380055324,7.63282208400611,332,3,1333543683,0,0,224,270
5577,1,1,0,0,0,0.016408464515625623,5.309144288332836,332,3,1328930435,0,0,224,258
1485,0,1,0,3,2,2.6228839194902287,7.1276909261506685,332,7,1335982833,0,0,224,270
5583,1,1,0,1,1,0.1991075177871819,6.53519004083872,332,7,2075999889,0,0,224,33166
1486,0,1,0,0,1,1.5177132780827307,6.643716243363036,332,5,1333985584,0,0,224,8450
5586,1,1,0,3,1,0.19743807838821048,5.869095479375513,34404,9,0,0,0,240,559
1487,0,1,1,0,0,3.9546132410111117,7.7361296950947205,332,4,1344673277,0,0,224,271
5599,1,1,0,0,0,3.108037619838029,6.515703892873144,332,3,931872163,0,0,224,271
1488,0,1,1,0,0,2.216736345302847,7.729032089963799,332,4,1332966487,0,0,224,271
5605,1,1,0,0,0,0.08153941234324169,7.058449350622897,332,3,1457577336,0,0,224,34
1489,0,1,1,0,0,5.035095770850417,7.976703177643012,332,4,1343811892,0,0,224,258
5606,1,1,0,0,0,4.141091529594787,6.352549606406793,34404,6,1479538845,0,0,240,34
149,0,1,1,0,0,2.006387977875609,7.756246725568758,332,5,1332883221,0,0,224,270
5609,1,1,0,0,0,1.1055285369287038,5.858413073145588,34404,6,1436498126,0,0,240,34
1490,0,1,1,4,3,1.9906400980354142,7.769527116419912,332,8,1332890418,0,0,224,270
5630,1,1,0,0,0,4.676695188121976,6.54720741155791,332,5,1456284816,0,0,224,258
1491,0,1,1,2,1,3.5307778963279928,7.995850077621471,332,3,1310996079,0,0,224,271
5667,1,0,0,0,0,0.0,0.0,0,0,0,0,0,0,0
